,Vehicle_Trim
0,High Altitude
1,
2,Laredo
3,Limited
4,Luxury
5,Limited
6,Laredo
7,Limited
8,Limited 4x4
9,Limited
10,Altitude
11,Limited
12,Limited
13,Overland
14,Premium Luxury
15,Luxury
16,Limited
17,Limited
18,Base
19,Limited
20,
21,Premium Luxury
22,Luxury
23,Limited
24,Laredo
25,Summit
26,Limited
27,Limited
28,Altitude
29,Summit
30,High Altitude
31,FWD
32,Limited
33,Limited
34,Premium Luxury
35,Limited
36,Laredo
37,Base
38,Limited
39,Base
40,Laredo
41,Overland
42,Luxury
43,Limited
44,Summit
45,Limited
46,Limited
47,Overland
48,Limited
49,Altitude
50,Limited
51,Limited
52,Premium Luxury
53,Laredo
54,Laredo
55,Limited
56,Laredo
57,Limited
58,Limited
59,Altitude
60,Limited
61,Luxury
62,Limited
63,Overland
64,Laredo
65,Limited
66,Laredo
67,Altitude
68,Summit
69,Limited
70,Summit
71,Laredo
72,Limited
73,Premium Luxury
74,Laredo
75,Overland
76,SRT
77,Limited
78,Limited
79,Altitude
80,Luxury AWD
81,Premium Luxury
82,Limited
83,Limited
84,Laredo
85,
86,Limited
87,Limited
88,Premium Luxury
89,Limited
90,Trailhawk
91,Premium Luxury
92,Limited
93,Overland
94,Luxury
95,Luxury
96,Premium Luxury
97,Laredo
98,Premium Luxury
99,Limited
100,Luxury
101,Luxury
102,Sterling Edition
103,Limited
104,Platinum
105,Overland
106,Limited
107,Laredo E
108,Limited
109,Limited
110,Limited
111,Limited
112,Altitude
113,Luxury
114,Laredo
115,Altitude
116,Limited
117,Altitude
118,Laredo
119,Overland
120,Premium Luxury
121,Laredo
122,Altitude
123,Altitude
124,Overland
125,Laredo
126,Laredo
127,Limited
128,Limited
129,Laredo
130,Laredo
131,Premium Luxury
132,
133,Limited
134,Premium Luxury
135,Premium Luxury
136,Limited
137,Laredo E
138,Summit
139,Laredo
140,Limited
141,
142,Laredo
143,Laredo
144,Laredo
145,
146,Laredo
147,Limited
148,Base
149,Summit
150,Limited
151,Limited
152,Limited
153,Trailhawk
154,Luxury
155,Limited
156,Laredo
157,Laredo
158,Overland
159,Laredo
160,Laredo
161,Limited
162,Overland
163,Laredo
164,Limited
165,Premium Luxury
166,Overland
167,Limited
168,Limited
169,
170,Altitude
171,Platinum
172,Limited
173,Limited
174,Altitude
175,Summit
176,Altitude
177,Limited
178,Limited
179,Laredo
180,Luxury FWD
181,Altitude
182,Limited
183,Laredo
184,Altitude
185,Limited
186,Limited
187,
188,
189,Luxury
190,Premium Luxury
191,Altitude
192,Overland
193,Summit
194,Premium Luxury
195,Limited
196,Luxury
197,Altitude
198,Limited
199,Premium Luxury
200,
201,Trackhawk
202,Luxury
203,Overland
204,75th Anniversary
205,Overland
206,Altitude
207,Limited
208,Trailhawk
209,
210,
211,Luxury FWD
212,Laredo
213,Luxury
214,Base
215,Limited
216,Limited
217,Premium Luxury
218,Limited
219,Altitude
220,
221,Luxury
222,
223,Limited
224,Trackhawk
225,Luxury
226,Premium Luxury
227,Platinum
228,Limited
229,FWD
230,Limited
231,Altitude
232,Premium Luxury
233,Limited
234,Luxury FWD
235,Laredo
236,Luxury
237,Trailhawk
238,Premium Luxury
239,Limited
240,Limited
241,Limited
242,Platinum
243,Luxury
244,SRT
245,Premium Luxury
246,
247,Limited
248,Limited
249,SRT
250,Limited
251,Platinum
252,Luxury
253,Premium Luxury
254,Trailhawk
255,Limited
256,Premium Luxury
257,Summit
258,Limited
259,Laredo
260,Limited
261,Laredo
262,Limited
263,Altitude
264,Limited
265,Limited
266,Luxury
267,Premium Luxury
268,
269,Altitude
270,Altitude
271,Laredo
272,Limited
273,Limited
274,Laredo
275,Trailhawk
276,Altitude
277,Overland
278,Luxury
279,Laredo
280,Limited
281,Trailhawk
282,Limited
283,Limited
284,Luxury
285,Base
286,Limited
287,Platinum
288,75th Anniversary
289,Limited
290,Luxury
291,Overland
292,Limited
293,Platinum
294,
295,
296,Premium Luxury
297,FWD
298,Overland
299,Limited
300,
301,Limited
302,Limited
303,Limited
304,Luxury
305,Limited
306,Limited
307,Premium Luxury
308,Limited
309,Summit
310,Limited
311,Limited
312,Summit
313,Luxury
314,Limited
315,Luxury
316,Altitude
317,Laredo
318,Overland
319,Limited
320,
321,Limited
322,Trailhawk
323,Limited
324,Premium Luxury FWD
325,Platinum
326,Limited
327,Luxury AWD
328,Laredo
329,Limited
330,Trailhawk
331,Premium Luxury
332,Laredo E
333,Trailhawk
334,Luxury
335,Platinum
336,Laredo
337,Limited
338,Limited
339,Trailhawk
340,Premium Luxury
341,Luxury
342,Luxury
343,Limited
344,Luxury
345,Laredo
346,Limited
347,Luxury
348,Limited
349,Limited
350,Limited
351,Premium Luxury
352,Luxury
353,Premium Luxury
354,Limited
355,Laredo
356,Trackhawk
357,Limited
358,Luxury
359,Limited
360,Limited
361,Base
362,Platinum
363,Luxury
364,Laredo
365,Summit
366,Laredo
367,Summit
368,Limited
369,Limited
370,Laredo
371,Laredo
372,Laredo
373,Luxury
374,Overland
375,Premium Luxury
376,
377,Premium Luxury
378,Laredo
379,Limited
380,Limited
381,Premium Luxury
382,Luxury
383,Premium Luxury
384,Overland
385,Limited
386,Luxury
387,Premium Luxury
388,Limited
389,Overland
390,Trailhawk
391,Laredo E
392,Trailhawk
393,Limited
394,Premium Luxury
395,Limited
396,Luxury AWD
397,Trailhawk
398,Limited
399,Limited
400,Summit
401,Summit
402,Premium Luxury
403,Limited
404,Summit
405,Limited
406,Luxury
407,Premium Luxury
408,Limited
409,Trailhawk
410,Premium Luxury
411,Laredo E
412,Base
413,
414,Limited
415,Limited
416,Luxury
417,Limited
418,Laredo
419,Altitude
420,Premium Luxury
421,Limited
422,Limited
423,Luxury
424,Limited
425,Limited
426,Luxury
427,Overland
428,Overland
429,Premium Luxury
430,Overland
431,Overland
432,High Altitude
433,Laredo
434,
435,Luxury
436,Limited
437,Limited
438,Altitude
439,Overland
440,Limited
441,Premium Luxury
442,Overland
443,Premium Luxury
444,Limited
445,Limited
446,Laredo
447,
448,Overland
449,
450,Platinum
451,Luxury
452,Luxury
453,Altitude
454,Premium Luxury
455,Limited
456,Premium Luxury
457,Overland
458,Altitude
459,High Altitude
460,Laredo
461,
462,Limited
463,Limited
464,Laredo
465,Premium Luxury FWD
466,Premium Luxury FWD
467,Limited
468,Overland
469,
470,Limited
471,Platinum
472,Premium Luxury
473,Limited
474,Premium Luxury
475,Limited
476,Laredo
477,Limited
478,Altitude
479,Limited
480,Laredo
481,Trailhawk
482,Luxury
483,Overland
484,Premium Luxury
485,
486,Limited
487,Laredo
488,Base
489,Summit
490,High Altitude
491,Luxury
492,Laredo
493,SRT
494,Summit
495,Limited
496,Altitude
497,Limited
498,Limited
499,
500,Luxury
501,Luxury
502,Limited
503,Limited
504,Limited
505,Limited
506,Premium Luxury
507,FWD
508,Summit
509,Platinum
510,Limited
511,
512,
513,Altitude
514,Limited
515,Luxury
516,High Altitude
517,Limited
518,Limited
519,Premium Luxury
520,Overland
521,Luxury
522,Luxury
523,Laredo
524,Luxury
525,High Altitude
526,Limited
527,Limited
528,Limited
529,
530,Laredo
531,Laredo
532,
533,Limited
534,Altitude
535,Limited
536,Limited
537,Summit
538,Luxury
539,Limited
540,Luxury
541,Limited
542,
543,Limited
544,Premium Luxury
545,High Altitude
546,Trailhawk
547,Limited
548,Limited
549,Premium Luxury
550,Summit
551,Premium Luxury
552,Limited
553,Laredo
554,
555,Laredo
556,High Altitude
557,
558,Premium Luxury
559,Altitude
560,Premium Luxury
561,Limited
562,Overland
563,Laredo
564,
565,Limited
566,Laredo
567,Altitude
568,Luxury
569,Summit
570,Limited
571,Limited
572,Altitude
573,Summit
574,
575,Premium Luxury
576,Limited
577,Laredo
578,Laredo
579,Limited
580,Platinum
581,Sterling Edition
582,Luxury
583,Luxury
584,Limited
585,Luxury AWD
586,
587,Altitude
588,Limited
589,Limited
590,Overland
591,Luxury
592,Luxury
593,Premium Luxury
594,Altitude
595,Laredo
596,
597,Overland
598,Overland
599,Premium Luxury
600,Limited
601,Altitude
602,Luxury
603,Limited
604,
605,Laredo
606,Laredo
607,Laredo
608,Luxury
609,High Altitude
610,Base
611,Limited
612,Luxury
613,Limited
614,Luxury
615,Overland
616,Limited
617,Laredo
618,Limited
619,Altitude
620,Altitude
621,Limited
622,Premium Luxury
623,Limited
624,Altitude
625,Sterling Edition
626,Premium Luxury
627,Overland
628,Laredo
629,Limited
630,Limited
631,Luxury
632,Altitude
633,Limited
634,Luxury
635,Premium Luxury FWD
636,Premium Luxury
637,Limited
638,Premium Luxury
639,Limited
640,Limited
641,Altitude
642,Premium Luxury
643,Luxury
644,Limited
645,Luxury AWD
646,Base
647,Laredo
648,Trailhawk
649,SRT
650,Laredo
651,Overland
652,Altitude
653,Laredo
654,Limited
655,Luxury
656,
657,Limited
658,Limited
659,Luxury
660,Limited
661,Premium Luxury
662,FWD
663,Luxury
664,Base
665,Overland
666,Overland
667,Limited
668,Limited
669,Limited
670,High Altitude
671,Laredo
672,Platinum
673,
674,Limited
675,Trailhawk
676,Limited
677,Premium Luxury
678,
679,
680,Limited
681,Premium Luxury
682,Trackhawk
683,Limited
684,Limited
685,Laredo
686,Premium Luxury
687,Limited
688,Limited
689,Luxury
690,Summit
691,Premium Luxury
692,Overland
693,Limited
694,Laredo
695,
696,Premium Luxury
697,
698,Luxury
699,Luxury AWD
700,Limited
701,Limited
702,Laredo
703,Luxury
704,Laredo
705,Altitude
706,Premium Luxury
707,Luxury
708,Premium Luxury
709,Premium Luxury
710,Premium Luxury
711,Laredo
712,Limited
713,Luxury
714,Premium Luxury
715,Altitude
716,Platinum AWD
717,Limited
718,Laredo
719,Limited
720,Limited
721,Overland
722,Limited
723,Overland
724,Overland
725,Limited
726,Overland
727,Laredo
728,Limited
729,Overland
730,Laredo E
731,Limited
732,Limited
733,Limited
734,
735,Laredo
736,Platinum
737,FWD
738,Laredo
739,
740,Laredo
741,Limited
742,Luxury AWD
743,Limited
744,Limited
745,Limited
746,Limited
747,Limited
748,Limited
749,Limited
750,Summit
751,Summit
752,Overland
753,Luxury
754,Premium Luxury
755,Overland
756,Luxury
757,Limited
758,Summit
759,
760,Limited
761,Trailhawk
762,Altitude
763,Trailhawk
764,Limited
765,
766,Summit
767,Limited
768,Limited
769,Overland
770,Limited
771,Trailhawk
772,Luxury
773,Limited
774,Limited
775,Altitude
776,Luxury
777,
778,Luxury
779,Altitude
780,Limited
781,Altitude
782,Limited
783,Laredo
784,Limited
785,
786,Summit
787,Laredo
788,Limited
789,Luxury
790,Trailhawk
791,Overland
792,Trailhawk
793,
794,
795,Premium Luxury
796,Summit
797,Limited
798,Limited
799,Limited
800,Limited
801,Limited
802,Luxury
803,Platinum
804,Luxury
805,Premium Luxury
806,Premium Luxury
807,Laredo
808,Limited
809,Limited
810,Luxury
811,Luxury
812,Limited
813,Limited
814,Limited
815,Overland
816,Laredo
817,Limited
818,Platinum
819,
820,Laredo
821,
822,Premium Luxury
823,
824,Laredo
825,Overland
826,Summit
827,
828,Limited
829,Limited
830,Luxury
831,Summit
832,Luxury
833,Premium Luxury
834,Platinum
835,Overland
836,
837,Laredo
838,FWD
839,Luxury
840,Premium Luxury
841,Luxury
842,Limited
843,
844,Base
845,
846,Limited
847,Limited
848,Limited
849,Premium Luxury
850,SRT
851,Limited
852,Limited
853,Limited
854,Luxury
855,
856,High Altitude
857,Overland
858,FWD
859,Limited
860,Overland
861,Altitude
862,Laredo
863,Summit
864,Limited
865,Limited
866,Laredo
867,Luxury
868,Altitude
869,Laredo
870,Limited
871,Premium Luxury
872,Overland
873,Overland
874,Limited
875,Overland
876,Luxury
877,Altitude
878,Summit
879,Premium Luxury
880,Limited
881,Limited
882,Premium Luxury
883,Laredo
884,Premium Luxury
885,Overland
886,Laredo E
887,Trailhawk
888,Premium Luxury
889,Trackhawk
890,Luxury
891,Laredo
892,Laredo E
893,SRT Night
894,Limited
895,Limited
896,Laredo
897,Premium Luxury
898,Premium Luxury
899,Laredo
900,Limited
901,Limited
902,Altitude
903,Limited
904,Limited
905,Overland
906,Premium Luxury
907,FWD
908,Limited
909,Altitude
910,Limited
911,Limited
912,Premium Luxury
913,Base
914,Altitude
915,Premium Luxury
916,Limited
917,Premium Luxury
918,Summit
919,Laredo
920,Premium Luxury
921,
922,Overland
923,Limited
924,Limited
925,Laredo
926,
927,Premium Luxury
928,Limited
929,Luxury
930,Summit
931,Luxury
932,High Altitude
933,Altitude
934,Limited
935,Overland
936,Luxury
937,
938,Limited
939,Limited
940,Premium Luxury
941,Luxury
942,Limited
943,Premium Luxury
944,
945,Trailhawk
946,Limited
947,Trailhawk
948,Limited
949,Altitude
950,Premium Luxury FWD
951,Laredo
952,Limited
953,Limited
954,Luxury
955,Laredo E
956,
957,Luxury
958,Trailhawk
959,Summit
960,Limited
961,Platinum
962,Limited
963,Altitude
964,Limited
965,Limited
966,High Altitude
967,Overland
968,Luxury
969,Premium Luxury
970,Overland
971,Platinum
972,Limited
973,Limited
974,Base
975,Premium Luxury FWD
976,Limited
977,Luxury
978,Laredo
979,
980,Limited
981,Overland
982,
983,Limited
984,Luxury
985,Premium Luxury
986,Premium Luxury
987,Limited
988,Limited
989,Premium Luxury FWD
990,Limited
991,Limited
992,Trailhawk
993,Laredo
994,Laredo
995,
996,Limited
997,Limited
998,Luxury
999,Limited
1000,Limited
1001,SRT
1002,Limited
1003,Luxury
1004,Limited
1005,Sterling Edition
1006,Base
1007,Limited
1008,Overland
1009,Limited
1010,Limited
1011,
1012,Trailhawk
1013,Limited
1014,Limited
1015,Limited
1016,Premium Luxury
1017,Premium Luxury
1018,Limited
1019,Summit
1020,Limited
1021,Summit
1022,Limited
1023,Limited
1024,Limited
1025,Laredo
1026,Premium Luxury
1027,Trailhawk
1028,Limited 75th Anniversary Edition
1029,Overland
1030,High Altitude
1031,Laredo
1032,Laredo
1033,Summit
1034,Limited
1035,Premium Luxury
1036,Limited
1037,
1038,
1039,Limited
1040,
1041,Luxury AWD
1042,Summit
1043,Luxury
1044,Luxury
1045,Limited
1046,Luxury
1047,Laredo
1048,
1049,Laredo
1050,75th Anniversary Edition
1051,Limited
1052,Altitude
1053,Limited
1054,Premium Luxury
1055,Premium Luxury
1056,Laredo
1057,Premium Luxury
1058,Laredo
1059,Luxury
1060,Luxury
1061,Luxury
1062,Limited
1063,Trailhawk
1064,Altitude
1065,Overland
1066,Laredo
1067,
1068,Altitude
1069,Limited
1070,Luxury
1071,
1072,Base
1073,Limited
1074,Limited
1075,Premium Luxury
1076,
1077,Limited
1078,Premium Luxury
1079,Altitude
1080,Luxury
1081,Luxury
1082,Luxury
1083,Limited
1084,
1085,Limited
1086,Limited
1087,SRT
1088,Luxury
1089,Base
1090,Limited
1091,Luxury
1092,Premium Luxury
1093,Limited
1094,Premium Luxury
1095,Laredo
1096,
1097,Luxury
1098,Luxury
1099,
1100,Limited
1101,Summit
1102,Premium Luxury
1103,Luxury
1104,Summit
1105,Luxury
1106,Limited
1107,Luxury
1108,Premium Luxury
1109,Luxury
1110,Platinum
1111,High Altitude
1112,Limited
1113,Altitude
1114,Limited
1115,Limited
1116,Limited
1117,Limited
1118,Altitude
1119,Premium Luxury
1120,
1121,
1122,Premium Luxury
1123,Limited
1124,Premium Luxury
1125,Limited
1126,Premium Luxury
1127,Luxury
1128,Trailhawk
1129,Premium Luxury
1130,Laredo
1131,Limited
1132,Summit
1133,Premium Luxury FWD
1134,Laredo
1135,Luxury
1136,Overland
1137,Luxury AWD
1138,Laredo
1139,Altitude
1140,SRT
1141,Base
1142,Premium Luxury
1143,Premium Luxury
1144,Luxury
1145,Limited
1146,Premium Luxury
1147,Premium Luxury
1148,Limited
1149,Limited
1150,SRT
1151,Limited
1152,Summit
1153,SRT
1154,Limited
1155,Limited
1156,Luxury
1157,Trailhawk
1158,Overland
1159,Summit
1160,Base
1161,Limited
1162,Luxury
1163,Premium Luxury
1164,Luxury
1165,Limited
1166,Base
1167,Platinum
1168,Trailhawk
1169,Laredo
1170,Premium Luxury
1171,
1172,Altitude
1173,Limited
1174,Overland
1175,Premium Luxury
1176,Summit
1177,Laredo
1178,Luxury
1179,Limited
1180,Limited
1181,Summit
1182,Luxury
1183,Limited
1184,Limited
1185,Trailhawk
1186,Limited
1187,Limited
1188,Luxury
1189,Altitude
1190,Premium Luxury
1191,Laredo
1192,Limited
1193,Overland
1194,Overland
1195,Luxury
1196,
1197,Limited
1198,Altitude
1199,
1200,Sterling Edition
1201,Luxury
1202,Limited
1203,Limited
1204,Laredo E
1205,Limited
1206,Laredo
1207,Laredo
1208,Limited
1209,Premium Luxury
1210,Laredo
1211,Trailhawk
1212,Limited
1213,Limited
1214,Limited
1215,Trailhawk
1216,Luxury
1217,Luxury
1218,Overland
1219,Laredo
1220,Limited
1221,Limited
1222,Limited
1223,Premium Luxury
1224,Luxury
1225,SRT
1226,Limited
1227,High Altitude
1228,Premium Luxury
1229,FWD
1230,Limited
1231,Limited
1232,Platinum
1233,Limited
1234,Summit
1235,Overland
1236,Luxury FWD
1237,Limited
1238,Premium Luxury FWD
1239,Premium Luxury
1240,
1241,Limited
1242,Limited
1243,
1244,Platinum
1245,Summit
1246,
1247,
1248,Altitude
1249,SRT
1250,Limited
1251,Limited
1252,Trailhawk
1253,Luxury
1254,Trailhawk
1255,
1256,Limited
1257,Altitude
1258,
1259,Limited
1260,Limited
1261,Limited
1262,75th Anniversary
1263,Platinum
1264,Premium Luxury
1265,Laredo
1266,
1267,Laredo
1268,Altitude
1269,Laredo
1270,Limited
1271,Limited
1272,Altitude
1273,Overland
1274,Luxury
1275,Premium Luxury
1276,Limited
1277,Limited
1278,Premium Luxury
1279,
1280,Overland
1281,Altitude
1282,Limited
1283,Limited
1284,Luxury FWD
1285,Overland
1286,Platinum
1287,Laredo
1288,Limited
1289,
1290,Premium Luxury
1291,Premium Luxury
1292,Limited
1293,Trailhawk
1294,Altitude
1295,
1296,Luxury
1297,Limited
1298,Summit
1299,Laredo
1300,Limited
1301,Laredo E
1302,FWD
1303,Premium Luxury FWD
1304,
1305,Limited
1306,Limited
1307,Limited 75th Anniversary
1308,
1309,Limited
1310,Limited
1311,Premium Luxury
1312,Luxury
1313,Luxury
1314,Trailhawk
1315,Overland
1316,Trackhawk
1317,Laredo E
1318,Premium Luxury
1319,Laredo
1320,
1321,Premium Luxury
1322,Limited
1323,Premium Luxury
1324,Limited
1325,Altitude
1326,Luxury
1327,Limited
1328,Limited
1329,Limited
1330,Overland
1331,Premium Luxury
1332,SRT
1333,Limited
1334,Summit
1335,Premium Luxury
1336,Limited
1337,Laredo
1338,Overland
1339,Limited
1340,Limited
1341,Premium Luxury
1342,Luxury
1343,
1344,Luxury
1345,Trailhawk
1346,Limited
1347,Laredo
1348,Limited
1349,Limited
1350,Luxury
1351,Limited
1352,Premium Luxury
1353,Trailhawk
1354,Base
1355,
1356,Laredo
1357,Laredo
1358,Premium Luxury
1359,Limited
1360,
1361,Limited
1362,Laredo
1363,Luxury
1364,Luxury
1365,SRT
1366,
1367,Premium Luxury
1368,
1369,Platinum
1370,Limited
1371,Laredo
1372,Luxury
1373,High Altitude
1374,Trailhawk
1375,Limited
1376,Limited
1377,SRT
1378,Altitude
1379,
1380,Premium Luxury
1381,Premium Luxury
1382,Premium Luxury
1383,
1384,Premium Luxury
1385,Limited
1386,Limited
1387,Limited
1388,Premium Luxury
1389,75th Anniversary
1390,Laredo
1391,Premium Luxury
1392,Luxury
1393,Laredo
1394,Limited
1395,Luxury
1396,Laredo
1397,Luxury
1398,Summit
1399,Limited
1400,Altitude
1401,Premium Luxury
1402,High Altitude
1403,Premium Luxury
1404,Limited
1405,Limited
1406,Luxury
1407,Laredo
1408,Luxury
1409,Limited
1410,Overland
1411,Limited
1412,Laredo
1413,
1414,Laredo
1415,FWD
1416,Laredo
1417,Premium Luxury
1418,Laredo
1419,
1420,
1421,Summit
1422,
1423,Premium Luxury
1424,High Altitude
1425,Limited
1426,Premium Luxury AWD
1427,Luxury
1428,Luxury FWD
1429,Overland
1430,Premium Luxury
1431,Premium Luxury
1432,Limited
1433,Limited
1434,Luxury
1435,Base
1436,Limited
1437,Overland
1438,Limited
1439,Premium Luxury
1440,Limited
1441,Laredo
1442,Limited
1443,Altitude
1444,Altitude
1445,Limited
1446,Altitude
1447,Overland
1448,Premium Luxury
1449,Overland
1450,Limited
1451,Luxury
1452,Premium Luxury
1453,Trailhawk
1454,Limited
1455,Limited
1456,Premium Luxury
1457,Luxury
1458,Laredo
1459,Limited
1460,Laredo
1461,Limited
1462,Limited
1463,Luxury FWD
1464,Luxury
1465,Overland
1466,Base
1467,Altitude
1468,Limited
1469,Summit
1470,Laredo
1471,Limited
1472,Luxury
1473,Premium Luxury
1474,Limited
1475,Limited
1476,Premium Luxury
1477,Limited
1478,Limited
1479,Premium Luxury
1480,Limited
1481,Laredo
1482,Limited
1483,Limited
1484,Limited
1485,Limited
1486,Laredo
1487,Luxury
1488,Limited
1489,
1490,Premium Luxury
1491,Limited
1492,Overland
1493,Luxury AWD
1494,Limited
1495,Limited
1496,Limited
1497,Limited
1498,Overland
1499,Premium Luxury
1500,Laredo
1501,Laredo
1502,Laredo
1503,Limited
1504,Luxury
1505,Altitude
1506,Premium Luxury
1507,Summit
1508,Limited
1509,Limited
1510,Sterling Edition
1511,Limited
1512,Premium Luxury FWD
1513,Luxury
1514,Limited
1515,Limited
1516,Platinum AWD
1517,Trailhawk
1518,Base
1519,Limited
1520,Altitude
1521,Limited
1522,Limited
1523,Laredo
1524,Luxury
1525,Limited
1526,Limited
1527,High Altitude
1528,Laredo
1529,Limited
1530,Limited
1531,Limited
1532,Limited
1533,Trailhawk
1534,Limited
1535,
1536,Overland
1537,
1538,Limited
1539,Luxury
1540,Luxury
1541,Base
1542,Limited
1543,Summit
1544,Limited
1545,Limited
1546,Altitude
1547,Limited
1548,Limited
1549,
1550,Laredo
1551,Summit
1552,Laredo
1553,Platinum
1554,Laredo
1555,Summit
1556,Luxury FWD
1557,High Altitude
1558,Base
1559,Laredo
1560,Limited
1561,Laredo
1562,Altitude
1563,Trailhawk
1564,
1565,Limited
1566,Overland
1567,Laredo
1568,Summit
1569,Summit
1570,Base
1571,Altitude
1572,Limited
1573,Overland
1574,Platinum AWD
1575,Limited
1576,Altitude
1577,Luxury
1578,Limited
1579,Luxury
1580,Laredo
1581,Laredo
1582,Limited
1583,Limited
1584,Overland
1585,Luxury
1586,Laredo
1587,Trailhawk
1588,Altitude
1589,Laredo
1590,Luxury
1591,Premium Luxury
1592,Overland
1593,
1594,Summit
1595,Premium Luxury
1596,Luxury
1597,Limited
1598,Trailhawk
1599,Laredo
1600,Limited
1601,Laredo
1602,Laredo
1603,Limited
1604,Overland
1605,Trailhawk
1606,Luxury
1607,Luxury
1608,SRT
1609,SRT
1610,Altitude
1611,Limited
1612,Altitude
1613,Limited
1614,Premium Luxury
1615,
1616,Premium Luxury
1617,Limited
1618,Summit
1619,Limited
1620,Altitude
1621,High Altitude
1622,Luxury
1623,Limited
1624,Luxury
1625,Limited
1626,Overland
1627,Laredo
1628,Limited
1629,Limited
1630,Summit
1631,Premium Luxury
1632,Trailhawk
1633,Limited
1634,Limited
1635,Luxury
1636,Overland
1637,Limited
1638,Limited
1639,Limited
1640,Laredo
1641,Altitude
1642,Overland
1643,Luxury
1644,Limited
1645,Laredo
1646,Base
1647,Altitude
1648,Overland
1649,Premium Luxury AWD
1650,Premium Luxury
1651,Laredo
1652,Altitude
1653,Limited
1654,Laredo
1655,Premium Luxury
1656,SRT
1657,
1658,Laredo
1659,Altitude
1660,Luxury
1661,Overland
1662,Platinum
1663,Limited
1664,Overland
1665,Overland
1666,Limited
1667,Platinum AWD
1668,Limited
1669,Luxury
1670,Premium Luxury
1671,Premium Luxury
1672,Summit
1673,Luxury
1674,Luxury
1675,Overland
1676,Summit
1677,Platinum
1678,Limited
1679,Limited
1680,Overland
1681,Altitude
1682,Laredo
1683,Altitude
1684,Limited
1685,Limited
1686,Platinum
1687,Premium Luxury
1688,Overland
1689,Limited
1690,Limited
1691,High Altitude
1692,Premium Luxury
1693,Altitude
1694,Premium Luxury
1695,Limited
1696,Laredo
1697,Summit
1698,
1699,Laredo
1700,Limited
1701,Premium Luxury
1702,Luxury
1703,Premium Luxury
1704,Limited
1705,Limited
1706,Limited
1707,Overland
1708,Altitude
1709,FWD
1710,Luxury
1711,Luxury
1712,Laredo
1713,Altitude
1714,Altitude
1715,Laredo
1716,Luxury
1717,Limited
1718,Luxury FWD
1719,Limited
1720,SRT
1721,Laredo
1722,Laredo
1723,Overland
1724,Platinum
1725,Luxury
1726,Limited
1727,FWD
1728,Limited
1729,Summit
1730,Limited
1731,Limited
1732,Premium Luxury FWD
1733,Limited
1734,Limited
1735,Limited
1736,Limited
1737,Premium Luxury
1738,Premium Luxury
1739,Platinum
1740,Laredo
1741,Premium Luxury
1742,Limited
1743,Laredo
1744,
1745,Laredo
1746,Premium Luxury
1747,
1748,Laredo
1749,Limited
1750,Laredo
1751,Overland
1752,Luxury
1753,Luxury
1754,Base
1755,SRT
1756,Luxury
1757,Altitude
1758,Limited
1759,Trailhawk
1760,
1761,Luxury
1762,Laredo
1763,Limited
1764,Limited
1765,Overland
1766,
1767,Premium Luxury
1768,Luxury
1769,Luxury
1770,
1771,Summit
1772,Limited
1773,Altitude
1774,Limited
1775,Platinum AWD
1776,Summit
1777,Premium Luxury
1778,Limited
1779,Limited
1780,Limited
1781,Laredo
1782,Limited
1783,Platinum
1784,Trailhawk
1785,Trackhawk
1786,Laredo
1787,Limited
1788,Premium Luxury
1789,Premium Luxury
1790,Laredo
1791,
1792,Limited
1793,Luxury
1794,Overland
1795,Luxury
1796,Sterling Edition
1797,Limited
1798,Limited
1799,Overland
1800,Limited
1801,Summit
1802,
1803,Limited
1804,Limited
1805,Overland
1806,SRT
1807,Summit
1808,Laredo
1809,Premium Luxury FWD
1810,Limited
1811,High Altitude
1812,Summit
1813,Base
1814,Luxury
1815,
1816,Limited
1817,Limited
1818,Premium Luxury
1819,Limited
1820,Premium Luxury
1821,Luxury
1822,Premium Luxury
1823,Limited
1824,
1825,Trailhawk
1826,
1827,Limited
1828,Luxury
1829,Luxury AWD
1830,Limited
1831,Base
1832,Limited
1833,Base
1834,
1835,Sterling Edition
1836,Premium Luxury
1837,Trackhawk
1838,Platinum
1839,Luxury
1840,Premium Luxury
1841,Overland
1842,Luxury
1843,Platinum
1844,Altitude
1845,Laredo
1846,High Altitude
1847,Limited
1848,Premium Luxury
1849,
1850,Premium Luxury
1851,Luxury
1852,Laredo
1853,Limited
1854,Altitude
1855,Luxury
1856,Limited
1857,Platinum
1858,Base
1859,SRT
1860,Laredo
1861,Premium Luxury
1862,Laredo
1863,Trailhawk
1864,Limited
1865,Luxury FWD
1866,
1867,Laredo
1868,Limited
1869,Luxury FWD
1870,Base
1871,Premium Luxury
1872,
1873,
1874,
1875,Overland
1876,Limited
1877,Limited
1878,Platinum
1879,Premium Luxury
1880,Limited
1881,Luxury
1882,Limited
1883,Overland
1884,Luxury
1885,Premium Luxury
1886,Overland
1887,Limited
1888,Limited
1889,Premium Luxury
1890,Altitude
1891,Limited
1892,Laredo
1893,Limited
1894,Platinum AWD
1895,Summit
1896,Base
1897,Limited
1898,Luxury
1899,
1900,High Altitude
1901,Altitude
1902,Premium Luxury
1903,Trackhawk
1904,Luxury
1905,
1906,High Altitude
1907,Premium Luxury
1908,Base
1909,Sterling Edition
1910,
1911,Limited 75th Anniversary Edition
1912,
1913,Summit
1914,Premium Luxury
1915,Limited
1916,Altitude
1917,Premium Luxury
1918,Altitude
1919,Platinum
1920,Premium Luxury
1921,FWD
1922,Limited
1923,Premium Luxury
1924,Trailhawk
1925,Luxury
1926,Premium Luxury
1927,Limited
1928,Limited
1929,Altitude
1930,Limited
1931,Premium Luxury
1932,Platinum
1933,
1934,
1935,Summit
1936,Altitude
1937,Limited
1938,Luxury
1939,Premium Luxury
1940,Luxury FWD
1941,Luxury
1942,Luxury
1943,Premium Luxury
1944,Premium Luxury
1945,Luxury
1946,Limited
1947,Altitude
1948,Premium Luxury
1949,Premium Luxury
1950,
1951,Limited
1952,Limited
1953,Platinum
1954,Altitude
1955,Premium Luxury
1956,Premium Luxury
1957,Limited
1958,Premium Luxury AWD
1959,Overland
1960,Laredo
1961,SRT
1962,Premium Luxury FWD
1963,Limited
1964,Limited
1965,
1966,Laredo
1967,Premium Luxury
1968,Luxury
1969,Premium Luxury
1970,
1971,Luxury
1972,Base
1973,Premium Luxury
1974,Premium Luxury
1975,Trailhawk
1976,Overland
1977,Limited
1978,Premium Luxury
1979,Limited
1980,Luxury
1981,Overland
1982,Overland
1983,Limited
1984,FWD
1985,Limited
1986,Laredo
1987,Luxury
1988,Altitude
1989,Limited
1990,Luxury
1991,Overland
1992,Limited
1993,Limited
1994,Limited
1995,Premium Luxury
1996,Luxury
1997,Limited
1998,Limited
1999,Luxury
2000,Premium Luxury
2001,Altitude
2002,
2003,Overland
2004,Summit
2005,Premium Luxury
2006,Limited
2007,
2008,Summit
2009,Limited
2010,Luxury
2011,Premium Luxury
2012,Limited
2013,Luxury AWD
2014,Laredo
2015,Laredo E
2016,Altitude
2017,Limited
2018,Luxury
2019,Luxury
2020,Laredo E
2021,Limited
2022,Laredo
2023,Overland
2024,
2025,Luxury
2026,Summit
2027,Altitude
2028,Premium Luxury
2029,Laredo
2030,Trailhawk
2031,Laredo
2032,Altitude
2033,Laredo
2034,Luxury
2035,Summit
2036,Limited
2037,Limited
2038,Limited
2039,Premium Luxury
2040,Luxury
2041,Limited
2042,
2043,Limited
2044,Altitude
2045,Luxury
2046,Limited
2047,Overland
2048,Summit
2049,Limited
2050,Luxury
2051,Luxury
2052,Altitude
2053,Premium Luxury
2054,Premium Luxury
2055,Luxury
2056,Limited
2057,Premium Luxury
2058,Summit
2059,Limited
2060,Trailhawk
2061,Luxury
2062,Luxury FWD
2063,SRT
2064,Luxury
2065,Limited
2066,Limited
2067,Laredo
2068,
2069,Laredo
2070,Limited
2071,Limited
2072,Overland
2073,SRT
2074,Limited
2075,Limited
2076,
2077,Limited
2078,Base
2079,Premium Luxury
2080,Limited
2081,Laredo
2082,Laredo
2083,Limited
2084,Luxury
2085,Summit
2086,Limited
2087,Premium Luxury
2088,Premium Luxury
2089,Limited
2090,Limited
2091,Laredo
2092,Luxury
2093,Trailhawk
2094,Premium Luxury
2095,Premium Luxury
2096,Laredo E
2097,Limited
2098,Laredo
2099,
2100,Limited
2101,Luxury
2102,Summit
2103,Altitude
2104,
2105,Limited
2106,Laredo
2107,Overland
2108,SRT
2109,Limited
2110,Luxury
2111,Limited
2112,Luxury
2113,Limited
2114,Laredo
2115,Overland
2116,Overland
2117,Premium Luxury
2118,Platinum
2119,Summit
2120,Luxury FWD
2121,Laredo
2122,Laredo
2123,Limited
2124,Limited
2125,Platinum
2126,Laredo
2127,Overland
2128,Premium Luxury
2129,Laredo
2130,Overland
2131,Platinum
2132,Limited
2133,Laredo
2134,Premium Luxury
2135,
2136,Premium Luxury
2137,Overland
2138,Sterling Edition
2139,Limited
2140,Limited
2141,Limited
2142,Premium Luxury
2143,Limited
2144,FWD
2145,SRT
2146,Limited
2147,Limited
2148,Limited
2149,Limited
2150,Limited
2151,Limited
2152,Laredo
2153,Summit
2154,Laredo
2155,Laredo E
2156,Laredo
2157,Trailhawk
2158,Premium Luxury
2159,Premium Luxury
2160,Premium Luxury
2161,Luxury
2162,Altitude
2163,
2164,Laredo
2165,Luxury
2166,Overland
2167,Laredo
2168,
2169,Platinum
2170,
2171,Limited
2172,Laredo
2173,
2174,Premium Luxury
2175,Premium Luxury
2176,Laredo
2177,SRT
2178,Laredo
2179,Limited
2180,Luxury
2181,Limited
2182,
2183,Limited
2184,
2185,High Altitude
2186,Limited
2187,Limited
2188,Limited
2189,Laredo
2190,Laredo
2191,Limited
2192,Luxury
2193,Limited
2194,Premium Luxury
2195,Premium Luxury
2196,Luxury
2197,Luxury
2198,Premium Luxury
2199,Base
2200,Summit
2201,Limited
2202,Summit
2203,Limited
2204,Premium Luxury
2205,Limited
2206,Laredo
2207,Limited
2208,Luxury
2209,Overland
2210,Limited
2211,Laredo
2212,Luxury
2213,Premium Luxury
2214,Summit
2215,Premium Luxury
2216,Luxury FWD
2217,Limited
2218,Limited
2219,Limited
2220,
2221,Premium Luxury
2222,Limited
2223,Laredo
2224,SRT
2225,Limited
2226,Limited
2227,Trailhawk
2228,Luxury
2229,High Altitude
2230,Laredo
2231,Altitude
2232,Limited
2233,Limited
2234,Limited
2235,Laredo
2236,Laredo
2237,Limited
2238,Limited
2239,Laredo
2240,Overland
2241,Premium Luxury
2242,Premium Luxury
2243,
2244,Premium Luxury
2245,
2246,Luxury
2247,SRT
2248,
2249,Base
2250,Laredo
2251,Premium Luxury
2252,Premium Luxury
2253,Laredo
2254,Overland
2255,Trailhawk
2256,Limited
2257,Limited
2258,Premium Luxury FWD
2259,Premium Luxury
2260,
2261,Limited
2262,Luxury
2263,Laredo
2264,Laredo
2265,Base
2266,Luxury
2267,Premium Luxury
2268,Limited
2269,Base
2270,Premium Luxury
2271,Base
2272,Limited
2273,Altitude
2274,Limited
2275,Altitude
2276,Limited
2277,Laredo
2278,Premium Luxury
2279,High Altitude
2280,Luxury
2281,
2282,Laredo
2283,Premium Luxury
2284,Laredo
2285,FWD
2286,Summit
2287,
2288,Luxury
2289,Premium Luxury
2290,Summit
2291,Luxury FWD
2292,Trailhawk
2293,Limited
2294,Limited
2295,Laredo
2296,Premium Luxury
2297,Laredo
2298,
2299,Premium Luxury
2300,Laredo
2301,Premium Luxury
2302,Laredo
2303,Limited
2304,Laredo
2305,Limited
2306,Laredo
2307,Luxury
2308,Altitude
2309,Laredo
2310,Limited
2311,Overland
2312,Laredo
2313,Sterling Edition
2314,Limited
2315,Limited
2316,Limited
2317,Luxury
2318,Trailhawk
2319,Premium Luxury
2320,Luxury
2321,Summit
2322,Limited
2323,Summit
2324,Altitude
2325,Laredo
2326,Limited
2327,Limited
2328,Limited
2329,Laredo
2330,Laredo
2331,Luxury
2332,Limited
2333,Luxury
2334,Limited
2335,Premium Luxury
2336,Limited
2337,Base
2338,Premium Luxury
2339,Limited
2340,Limited
2341,Trailhawk
2342,Limited
2343,Altitude
2344,Overland
2345,Limited
2346,Limited
2347,Overland
2348,Limited
2349,Overland
2350,Overland
2351,Limited 75th Anniversary Edition
2352,Limited
2353,Premium Luxury
2354,Limited
2355,Premium Luxury
2356,Overland
2357,Overland
2358,Laredo
2359,Limited
2360,Overland
2361,
2362,Limited
2363,Premium Luxury
2364,High Altitude
2365,Limited
2366,Luxury
2367,Limited
2368,Trailhawk
2369,Overland
2370,
2371,Luxury
2372,Overland
2373,Limited
2374,Summit
2375,Limited 75th Anniversary Edition
2376,High Altitude
2377,Trailhawk
2378,Limited
2379,Premium Luxury
2380,Limited
2381,
2382,Overland
2383,Overland
2384,Overland
2385,Limited
2386,Premium Luxury
2387,Base
2388,Laredo
2389,Luxury
2390,Summit
2391,Limited
2392,
2393,Overland
2394,Luxury
2395,Limited
2396,Limited
2397,Luxury
2398,Limited
2399,Luxury
2400,Limited
2401,Summit
2402,Limited
2403,Laredo
2404,Luxury
2405,Limited
2406,Laredo
2407,Overland
2408,SRT
2409,Limited
2410,Sterling Edition
2411,Summit
2412,Luxury
2413,Luxury
2414,Laredo
2415,Limited
2416,Platinum
2417,Limited
2418,Luxury
2419,Altitude
2420,Laredo
2421,Limited
2422,Laredo
2423,Trailhawk
2424,Premium Luxury
2425,Premium Luxury
2426,Summit
2427,
2428,Summit
2429,Limited
2430,FWD
2431,Summit
2432,Laredo
2433,Laredo
2434,Limited
2435,Limited
2436,Upland
2437,Luxury
2438,Altitude
2439,Premium Luxury
2440,Limited
2441,
2442,Premium Luxury
2443,Limited
2444,Limited
2445,
2446,Limited
2447,Overland
2448,Luxury
2449,Base
2450,Limited
2451,Limited
2452,Luxury
2453,Summit
2454,Base
2455,Summit
2456,Laredo
2457,Laredo
2458,Platinum
2459,Premium Luxury
2460,
2461,Premium Luxury
2462,Premium Luxury
2463,Platinum
2464,Premium Luxury
2465,Limited
2466,Limited
2467,Luxury
2468,Premium Luxury
2469,Limited
2470,Overland
2471,Limited
2472,Limited
2473,Limited
2474,Platinum
2475,Limited
2476,Premium Luxury
2477,
2478,Limited
2479,Limited
2480,Trackhawk
2481,Overland
2482,FWD
2483,Laredo
2484,Summit
2485,Limited
2486,Limited
2487,Luxury
2488,Laredo
2489,Luxury FWD
2490,Premium Luxury
2491,Premium Luxury
2492,Laredo
2493,Limited
2494,Limited
2495,Summit
2496,Limited
2497,Laredo
2498,Luxury
2499,Trailhawk
2500,
2501,
2502,Laredo
2503,Limited
2504,Premium Luxury
2505,Luxury
2506,Summit
2507,Laredo
2508,Premium Luxury
2509,Laredo
2510,Overland
2511,Limited
2512,Premium Luxury
2513,Limited
2514,Limited
2515,Premium Luxury
2516,Laredo
2517,Limited
2518,Laredo
2519,Altitude
2520,Limited
2521,Limited
2522,Premium Luxury
2523,Limited
2524,Overland
2525,Laredo
2526,Premium Luxury AWD
2527,Premium Luxury
2528,Laredo
2529,Limited
2530,Laredo E
2531,Limited
2532,Premium Luxury
2533,Limited
2534,Luxury
2535,Platinum
2536,Laredo
2537,
2538,
2539,Laredo
2540,Altitude
2541,Luxury
2542,Summit
2543,Altitude
2544,Limited
2545,Overland
2546,Limited
2547,Limited
2548,Limited
2549,Summit
2550,Limited
2551,Laredo
2552,Laredo
2553,Luxury
2554,Platinum
2555,Premium Luxury
2556,Limited
2557,Altitude
2558,Limited
2559,Luxury
2560,Limited
2561,Limited
2562,Limited
2563,Premium Luxury
2564,Limited
2565,Laredo
2566,Limited
2567,Altitude
2568,High Altitude
2569,Premium Luxury
2570,Platinum
2571,Laredo
2572,Overland
2573,Luxury
2574,Premium Luxury FWD
2575,Altitude
2576,Luxury
2577,Premium Luxury
2578,Limited
2579,Overland
2580,
2581,Laredo
2582,Limited
2583,Limited
2584,Premium Luxury
2585,Luxury
2586,Limited
2587,Overland
2588,Limited
2589,Luxury
2590,Premium Luxury
2591,Premium Luxury
2592,Limited
2593,Base
2594,
2595,Platinum
2596,Premium Luxury
2597,Limited
2598,Premium Luxury
2599,Premium Luxury
2600,Limited
2601,Limited
2602,Limited
2603,
2604,Altitude
2605,Limited
2606,Limited
2607,Limited
2608,Platinum
2609,Laredo E
2610,Limited
2611,Limited
2612,SRT
2613,Limited
2614,Laredo
2615,Luxury
2616,Altitude
2617,Premium Luxury
2618,Limited
2619,
2620,
2621,Premium Luxury
2622,Summit
2623,Overland
2624,Laredo
2625,High Altitude
2626,Summit
2627,
2628,Laredo
2629,Limited
2630,Altitude
2631,
2632,Laredo
2633,
2634,Altitude
2635,Luxury AWD
2636,Overland
2637,Limited
2638,Limited
2639,Sterling Edition
2640,Luxury
2641,Limited
2642,Limited
2643,Premium Luxury
2644,Laredo
2645,Overland
2646,Limited
2647,Limited
2648,Overland
2649,Laredo
2650,Luxury
2651,Luxury
2652,Base
2653,Limited
2654,Altitude
2655,Laredo
2656,Limited
2657,Limited
2658,Limited
2659,Limited
2660,Luxury
2661,Laredo
2662,Base
2663,Laredo
2664,Premium Luxury
2665,Laredo
2666,Luxury AWD
2667,High Altitude
2668,Altitude
2669,Laredo
2670,Premium Luxury
2671,Overland
2672,Limited
2673,Luxury
2674,Limited
2675,Limited
2676,
2677,Premium Luxury
2678,Limited
2679,Altitude
2680,Platinum
2681,Limited
2682,Limited
2683,Limited
2684,Limited
2685,Limited
2686,Limited
2687,Premium Luxury
2688,Laredo
2689,Overland
2690,
2691,Luxury AWD
2692,Limited
2693,Laredo
2694,Altitude
2695,Luxury
2696,Premium Luxury
2697,Laredo
2698,
2699,SRT
2700,Laredo
2701,Premium Luxury
2702,Platinum
2703,Limited
2704,Luxury
2705,Laredo
2706,Limited
2707,Altitude
2708,Limited
2709,Luxury
2710,Luxury
2711,Premium Luxury
2712,Limited
2713,Altitude
2714,Premium Luxury
2715,Overland
2716,Laredo
2717,Overland
2718,Limited
2719,SRT
2720,Limited
2721,Overland
2722,Summit
2723,Altitude
2724,Limited
2725,Laredo E
2726,Overland
2727,Premium Luxury
2728,Overland
2729,Laredo
2730,Platinum
2731,Laredo
2732,Limited
2733,Trailhawk
2734,Limited
2735,Limited
2736,Premium Luxury
2737,Limited
2738,Laredo
2739,Laredo
2740,FWD
2741,
2742,Premium Luxury
2743,Trailhawk
2744,Altitude
2745,Platinum
2746,Limited
2747,Laredo
2748,Premium Luxury
2749,Limited
2750,Premium Luxury
2751,Luxury
2752,Altitude
2753,Base
2754,Summit
2755,Limited
2756,
2757,High Altitude
2758,Limited
2759,
2760,Altitude
2761,Laredo
2762,Platinum
2763,Limited
2764,Altitude
2765,Luxury
2766,Limited
2767,Premium Luxury
2768,Luxury
2769,Base
2770,Altitude
2771,Laredo
2772,Altitude
2773,Overland
2774,Overland
2775,Platinum
2776,Luxury
2777,Limited
2778,Limited
2779,Limited
2780,Limited
2781,Overland
2782,Trailhawk
2783,Limited
2784,Altitude
2785,Limited
2786,Laredo
2787,Limited
2788,Limited
2789,Overland
2790,Trailhawk
2791,Luxury FWD
2792,Altitude
2793,
2794,Premium Luxury
2795,Overland
2796,Limited
2797,Limited
2798,Limited
2799,Overland
2800,Limited
2801,Base
2802,Limited
2803,Luxury
2804,Limited
2805,Limited
2806,Limited
2807,Limited
2808,Trailhawk
2809,Overland
2810,Trailhawk
2811,Limited
2812,Trailhawk
2813,Luxury
2814,Premium Luxury
2815,Limited
2816,Limited
2817,Luxury
2818,Luxury
2819,Premium Luxury
2820,Summit
2821,SRT
2822,
2823,Premium Luxury
2824,Premium Luxury
2825,
2826,Limited
2827,Limited
2828,Luxury AWD
2829,Base
2830,Premium Luxury
2831,Limited
2832,Limited
2833,Platinum
2834,Premium Luxury
2835,Laredo
2836,Luxury
2837,Luxury
2838,Luxury
2839,Summit
2840,Limited
2841,Platinum
2842,
2843,Luxury
2844,Limited
2845,Sterling Edition
2846,Limited
2847,Laredo
2848,Premium Luxury
2849,Overland
2850,Laredo
2851,Summit
2852,Limited
2853,Limited
2854,Overland
2855,Laredo
2856,Limited
2857,Laredo
2858,Platinum
2859,Laredo E
2860,
2861,Luxury
2862,Altitude
2863,
2864,Limited
2865,Premium Luxury
2866,Limited
2867,Laredo
2868,SRT
2869,Altitude
2870,Limited
2871,Premium Luxury
2872,High Altitude
2873,
2874,Laredo
2875,Premium Luxury
2876,Luxury
2877,Limited
2878,Base
2879,Limited
2880,Laredo
2881,Overland
2882,Premium Luxury
2883,Laredo
2884,Limited
2885,Overland
2886,Summit
2887,Luxury
2888,
2889,Limited
2890,Summit
2891,Limited
2892,Limited
2893,Laredo
2894,Summit
2895,
2896,Limited
2897,Altitude
2898,Limited
2899,Luxury
2900,Limited
2901,Altitude
2902,Summit
2903,Laredo
2904,Premium Luxury
2905,Summit
2906,High Altitude
2907,Limited
2908,Premium Luxury
2909,Limited
2910,Luxury
2911,Premium Luxury
2912,Luxury
2913,Luxury
2914,
2915,High Altitude
2916,Laredo E
2917,Luxury
2918,Limited
2919,
2920,Premium Luxury
2921,Summit
2922,Luxury
2923,Limited
2924,Limited
2925,Luxury
2926,Limited
2927,FWD
2928,Limited
2929,FWD
2930,Luxury
2931,Limited
2932,Platinum
2933,Overland
2934,Altitude
2935,SRT
2936,Limited
2937,Premium Luxury
2938,Altitude
2939,Premium Luxury
2940,Premium Luxury
2941,Premium Luxury
2942,Premium Luxury
2943,Premium Luxury
2944,Limited
2945,Base
2946,Laredo
2947,Luxury
2948,Laredo
2949,Luxury
2950,Summit
2951,Overland
2952,Premium Luxury
2953,Base
2954,Limited
2955,SRT
2956,Limited
2957,Luxury
2958,Trailhawk
2959,
2960,Premium Luxury FWD
2961,Limited
2962,Limited
2963,Premium Luxury
2964,Limited
2965,Limited
2966,Laredo
2967,Laredo
2968,Limited
2969,Base
2970,Limited
2971,Laredo
2972,Limited
2973,Limited
2974,Luxury
2975,Laredo E
2976,Premium Luxury
2977,Luxury FWD
2978,Limited
2979,Limited
2980,Sterling Edition
2981,Limited
2982,Limited
2983,Premium Luxury
2984,Limited
2985,Premium Luxury
2986,Limited
2987,
2988,Limited
2989,Limited
2990,Laredo
2991,Limited
2992,
2993,Limited
2994,Overland
2995,Altitude
2996,Premium Luxury
2997,Altitude
2998,FWD
2999,Summit
3000,
3001,Limited
3002,Laredo
3003,Luxury
3004,Premium Luxury
3005,Altitude
3006,Limited
3007,Premium Luxury
3008,Limited
3009,Limited
3010,Premium Luxury
3011,Premium Luxury
3012,Luxury
3013,Limited
3014,Limited
3015,Limited
3016,Limited
3017,Luxury
3018,Trailhawk
3019,Premium Luxury FWD
3020,Altitude
3021,Premium Luxury
3022,Luxury
3023,
3024,Limited
3025,Laredo
3026,Trackhawk
3027,Altitude
3028,Limited
3029,Premium Luxury
3030,High Altitude
3031,Limited
3032,Overland
3033,
3034,Limited
3035,Overland
3036,Limited
3037,
3038,Laredo
3039,Laredo
3040,Altitude
3041,Base
3042,Limited
3043,Luxury
3044,Limited
3045,Luxury
3046,Limited
3047,Limited
3048,Summit
3049,Premium Luxury
3050,Luxury
3051,Laredo
3052,Limited
3053,Limited
3054,Limited
3055,Platinum
3056,Base
3057,Trailhawk
3058,Luxury FWD
3059,Luxury
3060,
3061,Platinum
3062,Limited
3063,Laredo
3064,
3065,SRT
3066,Premium Luxury
3067,Laredo
3068,Limited
3069,High Altitude
3070,Summit
3071,Luxury
3072,Luxury
3073,Overland
3074,FWD
3075,Summit
3076,Limited
3077,Trailhawk
3078,Base
3079,Premium Luxury
3080,Luxury AWD
3081,Laredo
3082,Overland
3083,Platinum
3084,Laredo
3085,Luxury
3086,
3087,Premium Luxury
3088,Luxury
3089,Premium Luxury
3090,Trailhawk
3091,Upland
3092,Limited
3093,Limited
3094,
3095,Limited
3096,
3097,
3098,Limited
3099,SRT
3100,Premium Luxury
3101,Limited
3102,Luxury
3103,Luxury AWD
3104,Limited
3105,Altitude
3106,Laredo
3107,Luxury
3108,Limited
3109,Limited
3110,Laredo
3111,Limited
3112,Premium Luxury
3113,Base
3114,Limited
3115,Sterling Edition
3116,Overland
3117,Limited
3118,Premium Luxury
3119,Premium Luxury
3120,Limited
3121,Laredo
3122,Luxury
3123,Luxury
3124,Luxury
3125,Limited
3126,Limited
3127,Trackhawk
3128,Limited
3129,Limited
3130,Limited
3131,Limited
3132,Limited
3133,Limited
3134,Limited
3135,Overland
3136,
3137,Laredo
3138,Limited
3139,Premium Luxury
3140,Limited
3141,
3142,Luxury
3143,Limited
3144,Summit
3145,Altitude
3146,Luxury
3147,
3148,Luxury
3149,Luxury
3150,Laredo
3151,High Altitude
3152,High Altitude
3153,Base
3154,Trailhawk
3155,
3156,Limited
3157,Summit
3158,Altitude
3159,Laredo
3160,Limited
3161,Laredo
3162,Limited
3163,Limited
3164,Limited
3165,Summit
3166,Altitude
3167,Laredo
3168,Luxury
3169,Limited
3170,Summit
3171,Luxury
3172,Limited
3173,Summit
3174,Limited
3175,Overland
3176,Premium Luxury
3177,Limited
3178,Limited
3179,Luxury
3180,Premium Luxury
3181,Limited
3182,Laredo
3183,Overland
3184,
3185,Limited
3186,Platinum
3187,
3188,Limited
3189,FWD
3190,Altitude
3191,Trailhawk
3192,High Altitude
3193,Laredo
3194,Limited
3195,Laredo
3196,Limited
3197,Limited
3198,Altitude
3199,Luxury
3200,Limited
3201,Overland
3202,Trailhawk
3203,Luxury
3204,Limited
3205,Limited
3206,Altitude
3207,Laredo
3208,Altitude
3209,Luxury FWD
3210,SRT
3211,Limited
3212,Platinum
3213,Premium Luxury FWD
3214,Laredo
3215,Limited
3216,Overland
3217,Altitude
3218,Limited
3219,
3220,Premium Luxury
3221,
3222,Base
3223,Limited
3224,Limited
3225,Premium Luxury
3226,Altitude
3227,Platinum AWD
3228,Laredo
3229,Limited
3230,Luxury
3231,Overland
3232,Luxury FWD
3233,Luxury AWD
3234,Overland
3235,Laredo E
3236,Limited
3237,Base
3238,Limited
3239,Altitude
3240,Premium Luxury
3241,
3242,Limited
3243,Limited
3244,Summit
3245,Laredo
3246,Laredo
3247,
3248,Luxury
3249,Overland
3250,Limited
3251,Limited
3252,Luxury
3253,Limited
3254,Limited
3255,Limited
3256,Luxury
3257,Limited
3258,Limited
3259,Luxury
3260,Limited
3261,High Altitude
3262,Luxury
3263,Premium Luxury
3264,Laredo
3265,
3266,Luxury
3267,Limited
3268,Summit
3269,Summit
3270,
3271,High Altitude
3272,Limited
3273,Altitude
3274,Limited
3275,Base
3276,Premium Luxury
3277,Limited
3278,Limited
3279,Overland
3280,Overland
3281,Premium Luxury
3282,Base
3283,
3284,Limited
3285,
3286,Trackhawk
3287,Premium Luxury
3288,Base
3289,Premium Luxury
3290,Luxury
3291,Limited
3292,Base
3293,Luxury
3294,SRT
3295,Overland
3296,Limited
3297,Limited
3298,
3299,Limited
3300,Luxury
3301,Limited
3302,Laredo
3303,Limited
3304,Laredo
3305,Premium Luxury
3306,Altitude
3307,Altitude
3308,Laredo
3309,Limited
3310,Limited
3311,Altitude
3312,Premium Luxury AWD
3313,Summit
3314,Limited
3315,Limited
3316,Limited
3317,High Altitude
3318,Summit
3319,Summit
3320,Limited
3321,Luxury
3322,Limited
3323,Limited
3324,Laredo
3325,Laredo
3326,Premium Luxury
3327,Platinum AWD
3328,FWD
3329,Limited
3330,Altitude
3331,Limited
3332,Limited
3333,Limited
3334,
3335,Limited
3336,Premium Luxury
3337,Premium Luxury
3338,Altitude
3339,High Altitude
3340,Laredo
3341,Laredo
3342,Limited
3343,Premium Luxury
3344,Laredo E
3345,Luxury
3346,Premium Luxury
3347,Limited
3348,Limited
3349,Altitude
3350,Limited
3351,Laredo
3352,Laredo
3353,Premium Luxury
3354,Luxury
3355,Summit
3356,Limited
3357,Laredo
3358,Limited
3359,Overland
3360,Limited
3361,Limited
3362,Base
3363,Platinum
3364,Limited
3365,Luxury FWD
3366,Luxury
3367,Premium Luxury
3368,Summit
3369,Summit
3370,Premium Luxury
3371,Premium Luxury
3372,Premium Luxury
3373,Premium Luxury
3374,Limited
3375,Limited
3376,Limited
3377,Limited
3378,Premium Luxury
3379,Premium Luxury FWD
3380,Limited
3381,Limited
3382,Platinum AWD
3383,
3384,Luxury
3385,
3386,Overland
3387,Laredo
3388,Limited
3389,Limited
3390,Laredo
3391,Laredo
3392,Luxury
3393,Premium Luxury
3394,Limited
3395,Limited
3396,High Altitude
3397,Summit
3398,Premium Luxury
3399,Luxury
3400,Limited
3401,Premium Luxury
3402,Premium Luxury
3403,Premium Luxury
3404,Limited
3405,
3406,Premium Luxury
3407,Limited
3408,Limited
3409,Premium Luxury
3410,Limited
3411,
3412,Premium Luxury FWD
3413,Limited
3414,Luxury
3415,Sterling Edition
3416,Summit
3417,Overland
3418,Luxury
3419,Limited
3420,Limited
3421,
3422,Limited
3423,Platinum
3424,Altitude
3425,
3426,Luxury
3427,Altitude
3428,Premium Luxury
3429,Laredo
3430,Altitude
3431,Summit
3432,Overland
3433,Limited
3434,Overland
3435,FWD
3436,Laredo
3437,Limited
3438,Overland
3439,
3440,Limited
3441,Limited
3442,Limited
3443,Limited
3444,Premium Luxury
3445,Limited
3446,Laredo
3447,Laredo
3448,Limited
3449,Platinum
3450,Trailhawk
3451,Limited
3452,Base
3453,Platinum
3454,Premium Luxury
3455,Altitude
3456,Limited
3457,Laredo
3458,Limited
3459,Laredo E
3460,Overland
3461,Altitude
3462,Altitude
3463,Base
3464,Base
3465,Overland
3466,Premium Luxury
3467,Trackhawk
3468,Limited
3469,Altitude
3470,Laredo
3471,Laredo
3472,Altitude
3473,Limited
3474,Limited
3475,Laredo
3476,Limited
3477,Limited
3478,Luxury
3479,Limited
3480,Limited
3481,Limited
3482,Laredo
3483,Summit
3484,Overland
3485,Limited
3486,Premium Luxury
3487,Limited
3488,Limited
3489,Overland
3490,Limited
3491,Limited
3492,Limited
3493,Premium Luxury
3494,Base
3495,Summit
3496,Laredo
3497,Luxury FWD
3498,Limited
3499,Luxury
3500,Limited
3501,Premium Luxury
3502,Premium Luxury
3503,Luxury AWD
3504,Limited
3505,Premium Luxury
3506,Premium Luxury
3507,Premium Luxury
3508,Limited
3509,Trailhawk
3510,Limited
3511,Limited
3512,Luxury
3513,Premium Luxury
3514,Limited
3515,Limited
3516,Trailhawk
3517,Overland
3518,Limited
3519,Premium Luxury
3520,Base
3521,Altitude
3522,Trailhawk
3523,Base
3524,Laredo
3525,Luxury
3526,
3527,Overland
3528,Overland
3529,Premium Luxury
3530,Premium Luxury
3531,Limited
3532,Summit
3533,Luxury FWD
3534,Premium Luxury
3535,Platinum
3536,Laredo
3537,Luxury FWD
3538,Limited
3539,Limited
3540,Luxury FWD
3541,Trailhawk
3542,Luxury
3543,Limited
3544,Limited
3545,Limited
3546,Limited
3547,Limited
3548,Base
3549,Luxury
3550,Trailhawk
3551,
3552,Limited
3553,Premium Luxury
3554,Luxury
3555,Limited
3556,Platinum
3557,Luxury
3558,Premium Luxury
3559,Limited
3560,Overland
3561,Platinum
3562,SRT
3563,Laredo
3564,Laredo
3565,Laredo
3566,Laredo
3567,Limited
3568,Limited
3569,Laredo
3570,Base
3571,Premium Luxury
3572,
3573,Overland
3574,Premium Luxury
3575,Premium Luxury
3576,Laredo E
3577,Premium Luxury
3578,Limited
3579,Premium Luxury
3580,Limited
3581,Limited
3582,Summit
3583,Premium Luxury
3584,Laredo
3585,Luxury
3586,Premium Luxury
3587,Overland
3588,
3589,Laredo
3590,Base
3591,Limited
3592,Laredo
3593,Base
3594,Limited
3595,Premium Luxury
3596,Limited
3597,Sterling Edition
3598,Luxury
3599,Platinum
3600,Luxury FWD
3601,Limited
3602,Trackhawk
3603,Luxury
3604,Premium Luxury
3605,Premium Luxury FWD
3606,Premium Luxury
3607,Limited
3608,Limited
3609,Overland
3610,Limited
3611,Limited
3612,Laredo
3613,Limited
3614,Premium Luxury
3615,Premium Luxury
3616,Limited
3617,Base
3618,Limited
3619,Premium Luxury
3620,Altitude
3621,Limited
3622,Laredo
3623,High Altitude
3624,Limited
3625,Premium Luxury
3626,Luxury
3627,
3628,Laredo
3629,Limited
3630,Premium Luxury FWD
3631,Trackhawk
3632,Limited
3633,Altitude
3634,Premium Luxury
3635,SRT
3636,Premium Luxury
3637,Luxury
3638,Luxury
3639,Limited
3640,Limited
3641,Summit
3642,Premium Luxury
3643,Limited
3644,Limited
3645,Premium Luxury
3646,Luxury
3647,Base
3648,Limited
3649,Premium Luxury
3650,Laredo
3651,Limited
3652,Premium Luxury
3653,Premium Luxury
3654,75th Anniversary
3655,Laredo
3656,Overland
3657,
3658,Luxury
3659,Limited
3660,Laredo E
3661,Premium Luxury
3662,Limited
3663,Limited
3664,Limited
3665,Limited
3666,Limited
3667,Limited
3668,Limited
3669,Laredo
3670,Premium Luxury
3671,
3672,Luxury
3673,Limited
3674,Altitude
3675,Premium Luxury
3676,Limited
3677,Laredo
3678,Laredo
3679,Limited
3680,Limited
3681,Limited
3682,FWD
3683,Luxury
3684,FWD
3685,Premium Luxury
3686,Laredo
3687,Premium Luxury
3688,Premium Luxury
3689,Luxury
3690,Luxury FWD
3691,Laredo
3692,High Altitude
3693,Limited
3694,High Altitude
3695,Laredo
3696,Limited
3697,Trackhawk
3698,Limited
3699,Overland
3700,Limited
3701,Premium Luxury
3702,Limited
3703,Altitude
3704,Premium Luxury
3705,Laredo
3706,Limited
3707,Limited
3708,Premium Luxury
3709,Base
3710,Limited
3711,Limited
3712,
3713,Laredo
3714,Limited
3715,Limited
3716,Laredo
3717,Limited
3718,Overland
3719,Trailhawk
3720,Luxury
3721,Limited
3722,Luxury
3723,Premium Luxury
3724,
3725,FWD
3726,Premium Luxury
3727,Overland
3728,Limited
3729,Limited
3730,Platinum
3731,Laredo
3732,Trailhawk
3733,Limited
3734,Platinum
3735,Limited
3736,Luxury
3737,SRT
3738,Laredo
3739,Overland
3740,Limited
3741,Premium Luxury
3742,Altitude
3743,Laredo
3744,Limited
3745,Luxury FWD
3746,
3747,Laredo E
3748,Laredo
3749,Laredo
3750,Platinum
3751,Limited
3752,Trailhawk
3753,Laredo
3754,Luxury
3755,Premium Luxury
3756,Premium Luxury FWD
3757,
3758,Laredo
3759,Base
3760,Overland
3761,Premium Luxury
3762,Summit
3763,Limited
3764,Premium Luxury
3765,
3766,Trailhawk
3767,Laredo
3768,Platinum
3769,Summit
3770,Laredo E
3771,Luxury
3772,Premium Luxury
3773,Trailhawk
3774,Summit
3775,Limited
3776,Luxury
3777,Altitude
3778,Overland
3779,Limited
3780,Premium Luxury
3781,Limited
3782,Limited
3783,Luxury
3784,Premium Luxury
3785,Base
3786,Limited
3787,Laredo
3788,Overland
3789,Limited
3790,Overland
3791,Luxury
3792,Trackhawk
3793,Laredo
3794,Limited
3795,Limited
3796,Premium Luxury
3797,Limited
3798,Premium Luxury
3799,Limited
3800,Limited
3801,Summit
3802,Limited
3803,Overland
3804,Premium Luxury
3805,Limited
3806,Laredo
3807,Altitude
3808,Base
3809,Altitude
3810,Overland
3811,
3812,Limited
3813,Limited
3814,Limited
3815,Altitude
3816,
3817,Limited
3818,Overland
3819,Premium Luxury
3820,Luxury
3821,Limited
3822,Overland
3823,Laredo E
3824,Overland
3825,Limited
3826,Limited
3827,Premium Luxury
3828,Overland
3829,Premium Luxury
3830,Premium Luxury
3831,
3832,
3833,High Altitude
3834,Limited
3835,Limited
3836,Laredo
3837,Luxury
3838,Limited
3839,Limited
3840,Base
3841,Limited
3842,Laredo
3843,Limited
3844,Limited
3845,Limited
3846,Altitude
3847,Altitude
3848,Premium Luxury
3849,Limited
3850,Summit
3851,Trailhawk
3852,Altitude
3853,Limited
3854,Limited
3855,Limited
3856,FWD
3857,Limited
3858,
3859,
3860,Laredo
3861,Laredo
3862,Limited
3863,Premium Luxury
3864,Limited
3865,Limited
3866,Laredo
3867,Limited
3868,SRT
3869,Laredo
3870,
3871,Limited
3872,Overland
3873,Laredo
3874,Premium Luxury
3875,Luxury
3876,Premium Luxury
3877,Limited
3878,Limited
3879,Trailhawk
3880,Laredo
3881,Luxury
3882,Limited
3883,High Altitude
3884,Luxury
3885,Laredo
3886,Overland
3887,Platinum
3888,Limited
3889,Overland
3890,Laredo
3891,Premium Luxury
3892,Laredo E
3893,Limited
3894,
3895,Premium Luxury
3896,
3897,Summit
3898,Altitude
3899,High Altitude
3900,
3901,Luxury
3902,Limited
3903,Platinum
3904,Limited
3905,Base
3906,Luxury
3907,Trailhawk
3908,Luxury
3909,Limited
3910,Altitude
3911,Overland
3912,Luxury
3913,Limited
3914,Laredo
3915,Luxury
3916,Limited
3917,Limited
3918,Limited
3919,Altitude
3920,Luxury FWD
3921,Luxury
3922,Laredo
3923,High Altitude
3924,Premium Luxury
3925,Laredo
3926,75th Anniversary
3927,Limited
3928,Laredo
3929,Luxury
3930,Platinum
3931,Limited
3932,Limited
3933,Limited
3934,Premium Luxury
3935,Premium Luxury
3936,Laredo
3937,Premium Luxury
3938,Luxury
3939,Altitude
3940,Premium Luxury
3941,Summit
3942,Premium Luxury
3943,Platinum
3944,Premium Luxury
3945,Trackhawk
3946,Overland
3947,Premium Luxury
3948,Premium Luxury
3949,Limited
3950,Laredo
3951,Premium Luxury
3952,Limited
3953,Limited
3954,Luxury
3955,Laredo
3956,Trailhawk
3957,Premium Luxury
3958,Premium Luxury
3959,Base
3960,Premium Luxury
3961,Laredo
3962,Altitude
3963,Summit
3964,Limited
3965,Limited
3966,Limited
3967,Base
3968,Summit
3969,
3970,Luxury
3971,Luxury
3972,Base
3973,Premium Luxury
3974,Limited
3975,Trailhawk
3976,Overland
3977,Overland
3978,Limited
3979,Luxury
3980,Limited
3981,
3982,Luxury
3983,Sterling Edition
3984,Summit
3985,Premium Luxury
3986,Summit
3987,Altitude
3988,
3989,Laredo
3990,Luxury
3991,Trailhawk
3992,Limited
3993,Luxury
3994,Altitude
3995,Limited
3996,Overland
3997,
3998,Limited
3999,Premium Luxury
4000,
4001,Premium Luxury
4002,Limited
4003,Premium Luxury AWD
4004,Platinum
4005,Limited
4006,Luxury
4007,Luxury
4008,Summit
4009,Premium Luxury
4010,Luxury
4011,Laredo
4012,Laredo
4013,Limited
4014,Limited
4015,
4016,Limited
4017,Limited
4018,Overland
4019,Luxury AWD
4020,Premium Luxury
4021,Luxury
4022,Base
4023,Premium Luxury
4024,Limited
4025,Premium Luxury
4026,Trailhawk
4027,SRT
4028,Limited X
4029,Trailhawk
4030,Limited
4031,Luxury AWD
4032,Laredo
4033,Limited
4034,SRT Night
4035,Premium Luxury
4036,
4037,Limited
4038,Limited
4039,Limited
4040,Laredo
4041,
4042,Laredo
4043,
4044,Limited
4045,Premium Luxury
4046,Overland
4047,Overland
4048,Trailhawk
4049,Laredo
4050,Limited
4051,Limited
4052,
4053,
4054,Limited
4055,Summit
4056,Premium Luxury
4057,Limited
4058,Laredo
4059,Luxury
4060,Luxury FWD
4061,Premium Luxury
4062,Limited
4063,Altitude
4064,
4065,Limited
4066,Laredo
4067,Laredo
4068,Overland
4069,
4070,Limited
4071,Premium Luxury
4072,Limited
4073,Limited
4074,Laredo
4075,Limited
4076,Laredo
4077,Limited
4078,Laredo
4079,Laredo
4080,Base
4081,Trackhawk
4082,Limited
4083,Laredo E
4084,Luxury
4085,Limited
4086,Laredo
4087,Base
4088,Limited
4089,
4090,Limited
4091,Laredo
4092,Premium Luxury
4093,Premium Luxury
4094,Premium Luxury
4095,Premium Luxury
4096,Luxury
4097,Limited
4098,Premium Luxury
4099,Overland
4100,Laredo
4101,Base
4102,Premium Luxury
4103,Limited
4104,Premium Luxury FWD
4105,Summit
4106,
4107,Limited
4108,Limited
4109,Limited
4110,Overland
4111,
4112,Limited
4113,Limited
4114,Limited
4115,Upland
4116,Limited
4117,Laredo
4118,Limited
4119,Limited
4120,Luxury
4121,Summit
4122,Trailhawk
4123,Luxury
4124,Limited
4125,Altitude
4126,Limited
4127,Limited
4128,High Altitude
4129,Luxury
4130,Laredo
4131,Limited
4132,Overland
4133,Limited
4134,Limited
4135,SRT
4136,FWD
4137,Laredo
4138,Laredo
4139,Platinum AWD
4140,Luxury
4141,Luxury
4142,Laredo
4143,Premium Luxury
4144,Altitude
4145,Premium Luxury
4146,Limited
4147,Limited
4148,Limited
4149,FWD
4150,Laredo
4151,Limited
4152,Limited
4153,Limited
4154,Summit
4155,Overland
4156,Limited
4157,Limited
4158,
4159,Summit
4160,Limited
4161,Limited
4162,Overland
4163,Limited
4164,Luxury
4165,Laredo
4166,Luxury
4167,Platinum
4168,Luxury FWD
4169,Trailhawk
4170,Limited
4171,FWD
4172,Luxury
4173,Luxury
4174,Premium Luxury
4175,Platinum
4176,Luxury
4177,Laredo
4178,Luxury
4179,Limited
4180,Premium Luxury
4181,Base
4182,
4183,Summit
4184,Summit
4185,Trailhawk
4186,Luxury
4187,Limited
4188,Luxury
4189,Luxury
4190,Premium Luxury
4191,Laredo
4192,Altitude
4193,Laredo
4194,Overland
4195,Limited
4196,Overland
4197,Limited
4198,Altitude
4199,Platinum
4200,Premium Luxury
4201,Limited
4202,Trailhawk
4203,Limited
4204,Limited
4205,Base
4206,Premium Luxury
4207,Limited
4208,
4209,Luxury
4210,Limited
4211,Laredo
4212,Overland
4213,Laredo
4214,Premium Luxury
4215,Limited
4216,Laredo
4217,Luxury
4218,High Altitude
4219,Laredo
4220,Premium Luxury
4221,Limited
4222,Limited
4223,Limited
4224,Altitude
4225,Limited
4226,Overland
4227,Laredo
4228,Luxury
4229,Luxury
4230,SRT
4231,Premium Luxury
4232,Premium Luxury
4233,Premium Luxury
4234,
4235,Limited
4236,
4237,Trailhawk
4238,Laredo
4239,Luxury
4240,Limited
4241,Limited
4242,
4243,Overland
4244,Laredo
4245,SRT
4246,Limited
4247,Luxury
4248,Premium Luxury
4249,Limited
4250,Altitude
4251,Limited
4252,Laredo
4253,Premium Luxury
4254,Laredo
4255,Luxury
4256,Luxury
4257,Luxury
4258,Laredo
4259,Limited
4260,Platinum AWD
4261,Limited
4262,Limited
4263,
4264,Laredo
4265,Laredo
4266,Luxury
4267,Overland
4268,Premium Luxury
4269,Limited
4270,Limited
4271,Summit
4272,
4273,Limited
4274,Summit
4275,Base
4276,
4277,Limited
4278,Premium Luxury
4279,Laredo
4280,Limited
4281,High Altitude
4282,Limited
4283,Premium Luxury FWD
4284,Limited
4285,Limited
4286,Laredo
4287,Base
4288,Premium Luxury
4289,Limited
4290,Limited
4291,Limited
4292,Laredo
4293,Summit
4294,FWD
4295,Platinum
4296,Laredo
4297,Laredo
4298,Overland
4299,Summit
4300,Limited
4301,Limited
4302,Laredo
4303,Limited
4304,Limited
4305,Laredo
4306,Summit
4307,Laredo
4308,Trailhawk
4309,Altitude
4310,Premium Luxury
4311,Overland
4312,Limited
4313,Premium Luxury
4314,Base
4315,Limited
4316,Premium Luxury
4317,Luxury
4318,Premium Luxury
4319,Limited
4320,Limited
4321,
4322,Laredo
4323,Limited
4324,Summit
4325,Limited
4326,Trailhawk
4327,Limited
4328,Premium Luxury
4329,Limited
4330,75th Anniversary
4331,Laredo
4332,Limited
4333,SRT
4334,Laredo
4335,Limited
4336,Platinum
4337,Luxury
4338,Laredo
4339,Overland
4340,Premium Luxury
4341,Overland
4342,Platinum
4343,Overland
4344,Premium Luxury
4345,Altitude
4346,Laredo
4347,Limited
4348,Overland
4349,Limited
4350,Limited
4351,
4352,Premium Luxury
4353,Limited
4354,Limited
4355,Premium Luxury AWD
4356,Limited
4357,Limited
4358,Premium Luxury
4359,Altitude
4360,SRT
4361,Limited
4362,Premium Luxury
4363,Premium Luxury
4364,Limited
4365,Luxury
4366,Limited
4367,Premium Luxury
4368,Limited
4369,
4370,Laredo
4371,Altitude
4372,Premium Luxury
4373,Summit
4374,Limited
4375,Laredo
4376,
4377,Limited
4378,Premium Luxury FWD
4379,Luxury
4380,Luxury
4381,Luxury FWD
4382,Limited
4383,Luxury
4384,Overland
4385,Summit
4386,Limited
4387,
4388,Premium Luxury
4389,Limited
4390,
4391,Platinum
4392,Base
4393,Premium Luxury
4394,
4395,Limited
4396,Limited
4397,Limited
4398,Overland
4399,Laredo
4400,Premium Luxury
4401,Premium Luxury
4402,Luxury FWD
4403,Laredo
4404,Limited
4405,Limited
4406,Limited
4407,Laredo
4408,Luxury
4409,Limited
4410,Laredo
4411,Altitude
4412,
4413,Limited
4414,Limited
4415,Laredo
4416,Limited
4417,Luxury
4418,Limited
4419,Limited
4420,Limited
4421,Limited
4422,Luxury
4423,Overland
4424,Premium Luxury
4425,Premium Luxury
4426,Limited
4427,Sterling Edition
4428,Laredo
4429,Premium Luxury
4430,Laredo
4431,Limited
4432,Limited
4433,Luxury
4434,Limited
4435,Altitude
4436,Luxury
4437,Limited
4438,Laredo
4439,Luxury
4440,Limited
4441,Premium Luxury
4442,Summit
4443,Luxury
4444,
4445,Limited
4446,Luxury
4447,Limited
4448,SRT
4449,Limited
4450,Limited
4451,Laredo
4452,Limited
4453,Limited
4454,Limited
4455,Overland
4456,Luxury
4457,Luxury
4458,Summit
4459,
4460,Laredo
4461,
4462,Laredo
4463,Luxury FWD
4464,Laredo
4465,Laredo
4466,Limited
4467,Altitude
4468,Summit
4469,Limited
4470,Trailhawk
4471,Limited
4472,Premium Luxury
4473,Limited
4474,Luxury
4475,Base
4476,High Altitude
4477,Premium Luxury
4478,Luxury
4479,Laredo
4480,Overland
4481,Limited
4482,Premium Luxury
4483,Premium Luxury
4484,Laredo
4485,
4486,Limited
4487,Premium Luxury
4488,High Altitude
4489,Overland
4490,Premium Luxury
4491,Limited
4492,Laredo
4493,Luxury
4494,Trailhawk
4495,Luxury
4496,Summit
4497,Laredo
4498,Laredo
4499,Limited
4500,Overland
4501,Limited
4502,Limited
4503,
4504,Overland
4505,Laredo
4506,Summit
4507,Altitude
4508,Trailhawk
4509,Summit
4510,
4511,Limited
4512,Overland
4513,
4514,Limited
4515,Trailhawk
4516,Limited
4517,Limited
4518,Limited
4519,
4520,Laredo
4521,Overland
4522,Laredo
4523,Luxury
4524,Summit
4525,Laredo
4526,Premium Luxury
4527,FWD
4528,Summit
4529,Platinum
4530,Luxury
4531,Limited
4532,Trackhawk
4533,Limited
4534,
4535,High Altitude
4536,Overland
4537,
4538,Luxury
4539,Limited
4540,FWD
4541,Premium Luxury
4542,
4543,Limited
4544,Platinum
4545,Laredo E
4546,Overland
4547,Limited
4548,Altitude
4549,Limited
4550,Laredo
4551,Overland
4552,Overland
4553,Limited
4554,Premium Luxury
4555,Limited
4556,Altitude
4557,
4558,Luxury
4559,Trackhawk
4560,Limited
4561,Premium Luxury
4562,Luxury
4563,Limited
4564,Limited
4565,Altitude
4566,Sterling Edition
4567,
4568,Altitude
4569,Overland
4570,Luxury FWD
4571,Limited
4572,Limited
4573,Premium Luxury
4574,Limited
4575,Limited
4576,Laredo
4577,SRT
4578,Limited
4579,Laredo
4580,Laredo
4581,
4582,Overland
4583,Limited
4584,Laredo
4585,Luxury
4586,Luxury
4587,Altitude
4588,Overland
4589,Altitude
4590,High Altitude
4591,Trailhawk
4592,Overland
4593,Trailhawk
4594,Luxury
4595,
4596,Limited
4597,Limited
4598,Overland
4599,Laredo
4600,Laredo
4601,Luxury
4602,Laredo
4603,Laredo
4604,Summit
4605,Laredo
4606,Luxury
4607,Limited
4608,Limited
4609,
4610,Summit
4611,
4612,Overland
4613,Premium Luxury
4614,Limited
4615,Summit
4616,Limited
4617,Luxury
4618,Luxury
4619,Premium Luxury
4620,Laredo
4621,Laredo E
4622,Premium Luxury
4623,Trailhawk
4624,Laredo
4625,Premium Luxury FWD
4626,Premium Luxury
4627,
4628,Overland
4629,Luxury
4630,Premium Luxury
4631,Summit
4632,Overland
4633,Limited
4634,Luxury
4635,Premium Luxury
4636,Overland
4637,Premium Luxury
4638,FWD
4639,Laredo
4640,Limited
4641,Limited
4642,Limited
4643,Luxury
4644,Base
4645,Laredo
4646,Limited
4647,Trailhawk
4648,Laredo
4649,Limited
4650,Base
4651,Limited
4652,Limited
4653,Altitude
4654,Laredo
4655,Limited
4656,Limited
4657,Limited
4658,Limited
4659,Trailhawk
4660,Luxury
4661,Limited
4662,Premium Luxury
4663,Premium Luxury
4664,Luxury
4665,Overland
4666,Overland
4667,Luxury
4668,Limited
4669,Limited
4670,
4671,Summit
4672,Limited
4673,Limited
4674,Limited
4675,
4676,Limited
4677,Platinum
4678,Luxury
4679,Luxury
4680,Limited
4681,Laredo
4682,Luxury
4683,Luxury
4684,Limited
4685,Altitude
4686,Limited
4687,Premium Luxury
4688,
4689,Altitude
4690,
4691,Summit
4692,Laredo
4693,Overland
4694,Limited
4695,Premium Luxury FWD
4696,Premium Luxury
4697,Premium Luxury
4698,Platinum
4699,Laredo
4700,Premium Luxury
4701,Limited
4702,Premium Luxury
4703,Trailhawk
4704,Limited
4705,SRT
4706,Limited
4707,Premium Luxury
4708,Limited
4709,Laredo
4710,Limited
4711,Limited
4712,Limited
4713,Luxury FWD
4714,Laredo
4715,Limited
4716,Limited
4717,Premium Luxury
4718,Limited
4719,Limited
4720,
4721,Limited
4722,Luxury
4723,Laredo E
4724,Luxury
4725,
4726,Premium Luxury FWD
4727,Laredo
4728,Limited
4729,Laredo
4730,Limited
4731,Luxury
4732,Altitude
4733,Overland
4734,Altitude
4735,
4736,Laredo
4737,FWD
4738,Platinum
4739,Laredo
4740,High Altitude
4741,Premium Luxury
4742,Overland
4743,Laredo
4744,Luxury
4745,Premium Luxury
4746,Limited
4747,Limited
4748,SRT
4749,Limited
4750,Luxury
4751,Trailhawk
4752,Altitude
4753,Limited
4754,Laredo
4755,Laredo
4756,Premium Luxury
4757,Luxury
4758,Trailhawk
4759,Altitude
4760,Limited
4761,Overland
4762,Limited
4763,
4764,Limited
4765,Summit
4766,Premium Luxury
4767,Limited
4768,Overland
4769,Base
4770,Limited
4771,Limited
4772,Trailhawk
4773,Altitude
4774,
4775,Limited
4776,Trailhawk
4777,Trailhawk
4778,Trailhawk
4779,Premium Luxury
4780,Limited
4781,Limited
4782,
4783,Premium Luxury
4784,Altitude
4785,Luxury FWD
4786,Laredo
4787,Limited
4788,Limited
4789,Laredo
4790,Altitude
4791,Limited
4792,Laredo
4793,Trailhawk
4794,Platinum
4795,Limited
4796,Laredo
4797,
4798,Limited
4799,Trackhawk
4800,Limited
4801,Premium Luxury
4802,Limited
4803,Limited
4804,Luxury
4805,Platinum
4806,Laredo
4807,SRT
4808,Premium Luxury
4809,Overland
4810,Premium Luxury
4811,Limited
4812,Base
4813,Altitude
4814,Luxury
4815,Limited
4816,
4817,Limited
4818,Luxury
4819,Overland
4820,Premium Luxury
4821,Limited
4822,Luxury
4823,Limited
4824,
4825,Limited
4826,Limited
4827,Summit
4828,Laredo
4829,Limited
4830,Luxury
4831,Limited
4832,Laredo
4833,FWD
4834,Limited
4835,Summit
4836,SRT
4837,Laredo
4838,Premium Luxury
4839,Limited
4840,Limited
4841,Luxury
4842,Limited
4843,Limited
4844,Laredo
4845,Overland
4846,High Altitude
4847,Laredo E
4848,SRT Night
4849,Limited
4850,Premium Luxury
4851,Laredo
4852,Altitude
4853,Premium Luxury
4854,Premium Luxury
4855,Summit
4856,Limited
4857,Limited
4858,Limited
4859,Luxury
4860,Limited
4861,Limited
4862,
4863,Luxury
4864,Luxury
4865,Limited
4866,Altitude
4867,Limited
4868,Limited
4869,Limited
4870,SRT
4871,Limited
4872,Limited
4873,Limited
4874,Laredo
4875,Premium Luxury
4876,Luxury
4877,Altitude
4878,SRT
4879,Limited
4880,Laredo
4881,Premium Luxury
4882,Trailhawk
4883,75th Anniversary
4884,Premium Luxury
4885,Premium Luxury
4886,Luxury
4887,Premium Luxury
4888,Premium Luxury
4889,Limited
4890,Altitude
4891,Limited
4892,Laredo
4893,Limited
4894,Luxury
4895,Summit
4896,Limited
4897,Limited
4898,Altitude
4899,Laredo
4900,Limited
4901,Trailhawk
4902,Laredo
4903,SRT
4904,Limited
4905,Altitude
4906,Premium Luxury
4907,Premium Luxury
4908,Base
4909,Limited
4910,FWD
4911,Limited
4912,Premium Luxury
4913,Limited
4914,Limited
4915,Laredo
4916,Premium Luxury
4917,Limited
4918,Laredo
4919,Limited
4920,Limited
4921,Luxury
4922,Limited
4923,Premium Luxury
4924,Limited
4925,Laredo
4926,Premium Luxury
4927,Trailhawk
4928,Premium Luxury
4929,Laredo
4930,Limited
4931,Premium Luxury
4932,FWD
4933,Limited
4934,
4935,Altitude
4936,Laredo
4937,Limited
4938,Laredo
4939,Summit
4940,Trailhawk
4941,
4942,Premium Luxury
4943,Limited
4944,Luxury
4945,Platinum
4946,Base
4947,Overland
4948,Altitude
4949,Limited
4950,Summit
4951,Limited
4952,Summit
4953,Overland
4954,Premium Luxury
4955,Summit
4956,Limited
4957,Platinum
4958,SRT
4959,Limited
4960,Laredo
4961,Overland
4962,Limited
4963,
4964,Laredo
4965,Platinum
4966,Premium Luxury
4967,Limited
4968,Limited
4969,Laredo
4970,Base
4971,Overland
4972,Trailhawk
4973,Limited
4974,Premium Luxury
4975,Premium Luxury
4976,Trailhawk
4977,Limited
4978,Limited
4979,Overland
4980,Trailhawk
4981,Laredo
4982,Premium Luxury
4983,Luxury
4984,Summit
4985,Luxury
4986,Overland
4987,Limited
4988,Limited
4989,Premium Luxury
4990,Overland
4991,Trailhawk
4992,Trailhawk
4993,
4994,Platinum
4995,Overland
4996,Luxury
4997,Limited
4998,Laredo
4999,Limited
5000,Limited
5001,Limited
5002,Laredo
5003,Luxury
5004,Luxury
5005,
5006,Luxury
5007,Laredo
5008,Premium Luxury
5009,Luxury
5010,Base
5011,Limited
5012,Overland
5013,Limited
5014,Limited
5015,Limited
5016,Limited
5017,Premium Luxury
5018,Base
5019,Trailhawk
5020,Limited
5021,Premium Luxury
5022,Laredo E
5023,Summit
5024,Laredo
5025,Limited
5026,High Altitude
5027,Limited
5028,Limited
5029,Laredo
5030,Limited
5031,Limited
5032,Luxury
5033,High Altitude
5034,Altitude
5035,Overland
5036,Overland
5037,Overland
5038,Base
5039,Laredo
5040,Altitude
5041,Summit
5042,Limited
5043,Laredo
5044,Trailhawk
5045,Premium Luxury
5046,
5047,Altitude
5048,Premium Luxury
5049,Limited
5050,Luxury
5051,Platinum
5052,Altitude
5053,Limited
5054,Trackhawk
5055,Laredo
5056,Base
5057,Limited
5058,High Altitude
5059,Limited
5060,
5061,Limited
5062,Overland
5063,Limited
5064,Base
5065,Limited
5066,Luxury FWD
5067,Laredo
5068,Luxury FWD
5069,Premium Luxury
5070,Limited
5071,Luxury
5072,Limited
5073,Limited
5074,Limited
5075,Limited
5076,Limited
5077,Overland
5078,FWD
5079,Limited
5080,Luxury
5081,Premium Luxury
5082,Limited
5083,Luxury
5084,Luxury
5085,Limited
5086,Overland
5087,Platinum
5088,Laredo
5089,Premium Luxury
5090,Limited
5091,Limited
5092,Limited
5093,High Altitude
5094,Laredo
5095,Premium Luxury
5096,Limited
5097,Luxury
5098,Luxury
5099,Limited
5100,Premium Luxury
5101,Limited
5102,Laredo
5103,Premium Luxury
5104,Limited
5105,Limited
5106,Base
5107,Laredo
5108,Luxury
5109,Limited
5110,Summit
5111,Altitude
5112,Altitude
5113,Luxury
5114,Premium Luxury
5115,Luxury
5116,Laredo
5117,Luxury
5118,Luxury
5119,Luxury
5120,Limited
5121,Laredo
5122,Premium Luxury
5123,Overland
5124,Laredo
5125,Limited
5126,Limited
5127,Altitude
5128,Overland
5129,Overland
5130,Limited
5131,Altitude
5132,High Altitude
5133,Altitude
5134,Premium Luxury
5135,Luxury
5136,Limited
5137,Premium Luxury
5138,Platinum
5139,Laredo
5140,
5141,Altitude
5142,Laredo
5143,Luxury
5144,Limited
5145,Premium Luxury
5146,Laredo
5147,Luxury
5148,Luxury
5149,Limited
5150,
5151,
5152,Trailhawk
5153,SRT
5154,Luxury
5155,Limited
5156,Base
5157,SRT
5158,Limited
5159,Altitude
5160,Limited
5161,Limited
5162,Platinum
5163,Laredo
5164,Laredo
5165,Laredo
5166,Premium Luxury AWD
5167,Limited
5168,Limited
5169,Limited
5170,Laredo
5171,Limited
5172,Altitude
5173,Limited
5174,Overland
5175,Luxury
5176,Overland
5177,Luxury
5178,Limited
5179,Laredo
5180,
5181,Summit
5182,Limited
5183,Premium Luxury
5184,Altitude
5185,Premium Luxury
5186,
5187,Limited
5188,Limited
5189,Luxury
5190,Overland
5191,Luxury
5192,Trailhawk
5193,Premium Luxury
5194,Limited
5195,Limited
5196,Limited
5197,Laredo
5198,Limited
5199,Luxury
5200,Trackhawk
5201,Luxury
5202,Limited
5203,Limited
5204,Premium Luxury
5205,
5206,Summit
5207,Laredo
5208,Luxury
5209,
5210,Limited
5211,Premium Luxury
5212,Altitude
5213,FWD
5214,Premium Luxury FWD
5215,Premium Luxury
5216,Luxury
5217,High Altitude
5218,Limited
5219,Altitude
5220,High Altitude
5221,Limited
5222,Laredo
5223,Luxury
5224,Laredo
5225,Overland
5226,Limited
5227,Limited
5228,Limited
5229,Luxury
5230,Premium Luxury
5231,Premium Luxury
5232,Laredo
5233,Limited
5234,Altitude
5235,Altitude
5236,SRT
5237,Overland
5238,Base
5239,Trackhawk
5240,Laredo
5241,Limited
5242,Limited
5243,Altitude
5244,Limited
5245,Limited
5246,
5247,Luxury
5248,High Altitude
5249,Summit
5250,Limited 75th Anniversary Edition
5251,Laredo
5252,Premium Luxury
5253,Luxury
5254,Laredo
5255,Laredo
5256,Luxury FWD
5257,Limited
5258,Luxury FWD
5259,Laredo E
5260,Luxury
5261,Premium Luxury
5262,Premium Luxury FWD
5263,Laredo
5264,SRT
5265,Luxury
5266,Limited
5267,Laredo
5268,Platinum
5269,Summit
5270,Premium Luxury
5271,Overland
5272,Limited
5273,Limited
5274,Limited
5275,Trailhawk
5276,Limited
5277,Limited
5278,Limited
5279,Overland
5280,Summit
5281,Luxury
5282,Luxury
5283,Laredo
5284,Summit
5285,Limited
5286,Laredo
5287,Premium Luxury
5288,Limited
5289,SRT
5290,Overland
5291,Limited
5292,Luxury
5293,Base
5294,Limited
5295,Limited
5296,Laredo
5297,Limited
5298,Limited
5299,Luxury
5300,Limited
5301,Overland
5302,Laredo
5303,Premium Luxury
5304,Limited
5305,SRT
5306,Overland
5307,Altitude
5308,Premium Luxury
5309,Limited
5310,Trailhawk
5311,Laredo
5312,Altitude
5313,Premium Luxury FWD
5314,Base
5315,Base
5316,Laredo E
5317,Overland
5318,Limited
5319,Luxury
5320,Laredo
5321,Luxury
5322,Premium Luxury
5323,Premium Luxury
5324,Limited
5325,Limited
5326,Limited
5327,Premium Luxury
5328,Trailhawk
5329,Limited
5330,Base
5331,Trailhawk
5332,Limited
5333,Laredo
5334,Luxury
5335,Limited
5336,Laredo
5337,Luxury
5338,Altitude
5339,Sterling Edition
5340,Luxury
5341,Overland
5342,Summit
5343,Overland
5344,Laredo
5345,Limited
5346,Limited
5347,Limited
5348,Altitude
5349,Overland
5350,Laredo
5351,Limited
5352,Premium Luxury
5353,Platinum
5354,Limited
5355,Trailhawk
5356,Limited
5357,Limited
5358,Base
5359,
5360,Limited
5361,Limited
5362,Luxury
5363,
5364,Limited
5365,Altitude
5366,Limited
5367,Luxury
5368,Limited
5369,Laredo
5370,High Altitude
5371,Premium Luxury
5372,Premium Luxury
5373,Luxury
5374,Laredo
5375,Limited
5376,Base
5377,Premium Luxury
5378,High Altitude
5379,Limited
5380,Overland
5381,SRT
5382,Limited
5383,Laredo
5384,Overland
5385,Altitude
5386,Luxury
5387,Altitude
5388,Limited
5389,Limited
5390,Luxury
5391,
5392,Laredo
5393,Luxury
5394,SRT
5395,Limited
5396,Summit
5397,Limited
5398,Trailhawk
5399,
5400,Premium Luxury
5401,Limited
5402,Summit
5403,Overland
5404,Limited
5405,Summit
5406,Luxury
5407,Limited
5408,Overland
5409,Limited
5410,Overland
5411,Luxury
5412,Altitude
5413,Laredo
5414,Limited
5415,Limited
5416,Luxury
5417,Luxury
5418,Overland
5419,Laredo
5420,Premium Luxury
5421,Limited
5422,Luxury FWD
5423,Limited
5424,Trackhawk
5425,Base
5426,Luxury
5427,Altitude
5428,Laredo E
5429,Limited
5430,Limited
5431,Altitude
5432,Overland
5433,Overland
5434,Limited
5435,Limited
5436,Limited
5437,Limited
5438,Limited
5439,Laredo
5440,Laredo
5441,Luxury
5442,Limited
5443,Luxury FWD
5444,Laredo
5445,Limited
5446,Premium Luxury
5447,Trailhawk
5448,Laredo
5449,Luxury
5450,Overland
5451,Luxury FWD
5452,Luxury
5453,Laredo
5454,Limited
5455,Limited
5456,Limited
5457,Limited
5458,Luxury
5459,Laredo
5460,Trailhawk
5461,Limited
5462,Limited
5463,Limited
5464,Luxury
5465,Laredo
5466,Limited
5467,
5468,Overland
5469,Limited
5470,Laredo
5471,Laredo
5472,Premium Luxury
5473,Limited
5474,Platinum
5475,Luxury FWD
5476,Premium Luxury
5477,Limited
5478,
5479,Overland
5480,Laredo
5481,Premium Luxury
5482,Premium Luxury
5483,Luxury
5484,Limited
5485,Altitude
5486,Premium Luxury
5487,
5488,
5489,Premium Luxury
5490,Overland
5491,Trailhawk
5492,Luxury
5493,Trailhawk
5494,Luxury
5495,
5496,Limited
5497,Laredo
5498,Base
5499,Premium Luxury
5500,Summit
5501,Limited
5502,Platinum
5503,Limited
5504,Luxury
5505,Altitude
5506,Limited
5507,Laredo
5508,Limited
5509,Laredo
5510,
5511,Luxury
5512,
5513,Limited
5514,Altitude
5515,Platinum
5516,Limited
5517,Base
5518,Overland
5519,Limited
5520,Premium Luxury
5521,Summit
5522,Limited
5523,Summit
5524,Luxury
5525,Laredo E
5526,Limited
5527,
5528,Overland
5529,Limited
5530,Limited
5531,Premium Luxury
5532,Sterling Edition
5533,Premium Luxury
5534,Limited
5535,Limited
5536,Trailhawk
5537,Luxury
5538,Summit
5539,Laredo
5540,High Altitude
5541,Limited
5542,Limited
5543,Limited
5544,Limited
5545,Laredo E
5546,Sterling Edition
5547,Limited
5548,Luxury
5549,Limited
5550,Altitude
5551,Limited
5552,Laredo
5553,Limited
5554,Premium Luxury
5555,Limited
5556,Luxury
5557,High Altitude
5558,Overland
5559,Trailhawk
5560,Platinum
5561,Base
5562,Premium Luxury
5563,Laredo
5564,Limited
5565,Limited
5566,Summit
5567,Premium Luxury
5568,Limited
5569,Luxury
5570,Laredo
5571,Limited
5572,Limited
5573,Luxury
5574,Limited
5575,Laredo E
5576,Overland
5577,Limited
5578,Luxury
5579,SRT
5580,Base
5581,Limited
5582,Luxury
5583,Limited
5584,
5585,Limited
5586,Limited
5587,Trackhawk
5588,Premium Luxury
5589,
5590,Altitude
5591,Laredo
5592,Premium Luxury
5593,Altitude
5594,Luxury
5595,Premium Luxury
5596,Limited
5597,Premium Luxury
5598,Luxury
5599,Altitude
5600,Limited
5601,
5602,Premium Luxury
5603,Limited
5604,Luxury
5605,Base
5606,Trailhawk
5607,Laredo
5608,Overland
5609,
5610,Premium Luxury
5611,Overland
5612,Limited
5613,Base
5614,Limited
5615,Premium Luxury
5616,
5617,Premium Luxury
5618,Premium Luxury
5619,
5620,Laredo
5621,Limited
5622,Laredo
5623,
5624,Base
5625,Limited
5626,Limited
5627,Laredo
5628,Limited
5629,Limited
5630,Limited
5631,High Altitude
5632,Limited
5633,Premium Luxury
5634,Base
5635,Summit
5636,Summit
5637,Altitude
5638,Trailhawk
5639,Limited
5640,Luxury
5641,Limited
5642,FWD
5643,FWD
5644,Limited
5645,
5646,Limited
5647,Overland
5648,Laredo
5649,Limited
5650,Limited
5651,Premium Luxury
5652,Limited
5653,Limited
5654,Limited
5655,Summit
5656,Limited
5657,Limited
5658,Summit
5659,Platinum
5660,Laredo
5661,Premium Luxury
5662,Summit
5663,
5664,Limited
5665,Overland
5666,Premium Luxury
5667,Limited
5668,Laredo
5669,Overland
5670,Overland
5671,Premium Luxury
5672,Laredo
5673,Luxury
5674,Trailhawk
5675,Luxury
5676,Sterling Edition
5677,Luxury
5678,Overland
5679,Laredo E
5680,Limited
5681,Limited
5682,Limited
5683,Luxury
5684,Overland
5685,Overland
5686,Luxury
5687,Premium Luxury
5688,Laredo
5689,Altitude
5690,Premium Luxury
5691,Luxury FWD
5692,Premium Luxury
5693,Premium Luxury
5694,Laredo
5695,Summit
5696,Premium Luxury
5697,Limited
5698,Limited
5699,
5700,Limited
5701,Laredo
5702,Laredo
5703,Limited
5704,Altitude
5705,Limited
5706,
5707,Laredo E
5708,Overland
5709,Premium Luxury
5710,Altitude
5711,High Altitude
5712,Limited
5713,Limited
5714,Overland
5715,Luxury
5716,Premium Luxury
5717,Laredo
5718,Luxury
5719,Summit
5720,Luxury
5721,Limited
5722,Luxury
5723,Limited
5724,Base
5725,Laredo
5726,Premium Luxury
5727,Luxury FWD
5728,Limited
5729,Trailhawk
5730,
5731,Limited
5732,Premium Luxury
5733,Limited
5734,Limited
5735,Premium Luxury
5736,Laredo
5737,Premium Luxury
5738,Platinum
5739,Limited
5740,Platinum
5741,Laredo
5742,Limited
5743,Limited
5744,Laredo
5745,Platinum
5746,Summit
5747,Limited
5748,Limited
5749,Altitude
5750,Limited
5751,Laredo
5752,Altitude
5753,Trailhawk
5754,Platinum
5755,Laredo
5756,Laredo
5757,Summit
5758,Limited
5759,
5760,Laredo
5761,Limited
5762,Limited
5763,
5764,Overland
5765,Altitude
5766,Limited
5767,Luxury
5768,
5769,Premium Luxury
5770,Luxury
5771,Platinum
5772,Base
5773,Limited
5774,Limited
5775,Laredo
5776,Base
5777,Limited
5778,Limited
5779,Base
5780,Limited
5781,Limited
5782,Limited
5783,
5784,
5785,Premium Luxury
5786,Platinum
5787,Altitude
5788,Limited
5789,Limited
5790,Altitude
5791,Limited
5792,Limited
5793,Altitude
5794,Limited
5795,Laredo
5796,Limited
5797,Limited
5798,Limited
5799,Overland
5800,Overland
5801,Limited
5802,Limited
5803,Limited
5804,Altitude
5805,Limited
5806,Premium Luxury
5807,Luxury
5808,Altitude
5809,Premium Luxury
5810,Trailhawk
5811,Limited
5812,Limited
5813,Premium Luxury
5814,Limited
5815,Laredo
5816,Limited
5817,Platinum
5818,Overland
5819,Premium Luxury
5820,Altitude
5821,Limited
5822,Overland
5823,Limited
5824,Limited
5825,Laredo
5826,Laredo E
5827,Luxury
5828,Limited
5829,Limited
5830,Premium Luxury
5831,Trailhawk
5832,Luxury FWD
5833,Limited
5834,Limited
5835,Laredo
5836,Laredo E
5837,Premium Luxury
5838,
5839,Limited
5840,Limited
5841,Luxury
5842,Overland
5843,
5844,Trailhawk
5845,Limited
5846,
5847,Limited
5848,Base
5849,Base
5850,Altitude
5851,Limited
5852,Premium Luxury
5853,Premium Luxury
5854,SRT
5855,Limited
5856,Summit
5857,Platinum
5858,Base
5859,Luxury
5860,Limited
5861,Platinum
5862,Base
5863,Overland
5864,Laredo
5865,Laredo
5866,Summit
5867,Limited
5868,Premium Luxury
5869,
5870,Limited
5871,Base
5872,Limited
5873,Laredo
5874,Limited
5875,
5876,Luxury
5877,Limited
5878,Luxury
5879,Limited
5880,Platinum
5881,Premium Luxury
5882,Limited
5883,
5884,Luxury
5885,
5886,Laredo
5887,Premium Luxury
5888,Summit
5889,Limited
5890,Luxury
5891,FWD
5892,Sterling Edition
5893,SRT
5894,Base
5895,High Altitude
5896,Premium Luxury
5897,Limited
5898,Altitude
5899,Limited
5900,Limited
5901,Premium Luxury AWD
5902,Limited
5903,Limited
5904,Limited
5905,Limited
5906,Limited
5907,
5908,Limited
5909,Laredo
5910,
5911,Limited
5912,Premium Luxury
5913,Limited
5914,Premium Luxury
5915,Premium Luxury
5916,Premium Luxury
5917,Luxury
5918,High Altitude
5919,Luxury
5920,
5921,Luxury
5922,
5923,Altitude
5924,Altitude
5925,Overland
5926,Laredo
5927,Limited
5928,
5929,Premium Luxury
5930,Summit
5931,Overland
5932,Limited
5933,Laredo
5934,Luxury
5935,Altitude
5936,Trailhawk
5937,Summit
5938,Limited
5939,Limited
5940,Altitude
5941,Laredo
5942,Summit
5943,Limited
5944,Limited
5945,Laredo
5946,SRT
5947,Limited
5948,Overland
5949,Limited
5950,Limited
5951,Limited
5952,Luxury
5953,Luxury
5954,Limited
5955,FWD
5956,Premium Luxury
5957,Limited
5958,Limited
5959,Limited
5960,Overland
5961,Trailhawk
5962,Altitude
5963,Premium Luxury
5964,
5965,Summit
5966,Laredo
5967,SRT
5968,Limited
5969,Trailhawk
5970,Luxury
5971,Premium Luxury
5972,Laredo
5973,Limited
5974,Altitude
5975,Laredo
5976,Laredo
5977,Base
5978,Luxury
5979,Laredo
5980,Premium Luxury
5981,Luxury
5982,Laredo
5983,Laredo
5984,Laredo
5985,Trailhawk
5986,Limited
5987,Limited
5988,Laredo
5989,Base
5990,Limited
5991,Limited
5992,Premium Luxury
5993,Luxury
5994,Overland
5995,Limited
5996,Laredo
5997,Luxury
5998,Luxury
5999,
6000,Premium Luxury
6001,Base
6002,
6003,Summit
6004,Luxury
6005,Premium Luxury
6006,Limited
6007,Luxury
6008,Premium Luxury
6009,High Altitude
6010,Limited
6011,Limited
6012,Limited
6013,Limited
6014,
6015,Limited
6016,Luxury
6017,Luxury
6018,Overland
6019,Premium Luxury
6020,Premium Luxury
6021,Summit
6022,Premium Luxury
6023,Limited
6024,Luxury
6025,Premium Luxury
6026,Limited
6027,Limited
6028,Altitude
6029,Limited
6030,Premium Luxury
6031,Overland
6032,Base
6033,Overland
6034,
6035,Limited
6036,Limited
6037,Limited
6038,Premium Luxury
6039,
6040,Premium Luxury
6041,Limited
6042,Summit
6043,Trackhawk
6044,Limited
6045,Limited
6046,Laredo
6047,Limited
6048,Limited
6049,Overland
6050,Premium Luxury
6051,Limited
6052,Limited
6053,Laredo
6054,Premium Luxury
6055,Laredo
6056,Limited
6057,Limited
6058,Laredo
6059,Limited
6060,Limited
6061,Base
6062,Laredo
6063,Limited
6064,Laredo
6065,Laredo
6066,Laredo
6067,Limited
6068,Luxury
6069,Premium Luxury
6070,Limited
6071,Laredo
6072,Premium Luxury
6073,Luxury
6074,Premium Luxury
6075,Laredo
6076,Overland
6077,Overland
6078,Limited
6079,Premium Luxury
6080,Laredo
6081,Premium Luxury
6082,Overland
6083,Limited
6084,
6085,Limited
6086,
6087,Premium Luxury
6088,Luxury
6089,Limited
6090,Premium Luxury
6091,Altitude
6092,Trailhawk
6093,Limited
6094,Limited
6095,Overland
6096,Base
6097,Limited
6098,Limited
6099,Limited
6100,Premium Luxury
6101,Premium Luxury
6102,Trailhawk
6103,Luxury
6104,Premium Luxury
6105,Limited
6106,Limited
6107,Overland
6108,Limited
6109,Premium Luxury
6110,Trailhawk
6111,Platinum AWD
6112,Luxury
6113,Premium Luxury
6114,Base
6115,Altitude
6116,Base
6117,Limited
6118,Base
6119,Limited
6120,Limited
6121,Trackhawk
6122,Limited
6123,Limited
6124,Laredo
6125,Trailhawk
6126,Laredo
6127,Limited
6128,Premium Luxury
6129,
6130,Limited
6131,Premium Luxury
6132,Limited
6133,
6134,Overland
6135,Luxury
6136,Base
6137,
6138,Luxury
6139,Luxury
6140,Limited
6141,Platinum
6142,Laredo
6143,Summit
6144,Premium Luxury
6145,Limited
6146,Limited
6147,Luxury
6148,Altitude
6149,Premium Luxury
6150,Luxury FWD
6151,High Altitude
6152,Limited
6153,Base
6154,Luxury
6155,Limited
6156,Limited
6157,Trailhawk
6158,Luxury
6159,Premium Luxury
6160,Altitude
6161,
6162,Platinum
6163,Limited
6164,Base
6165,Laredo
6166,Limited
6167,Limited
6168,Premium Luxury
6169,Platinum
6170,Overland
6171,Limited
6172,Platinum AWD
6173,Limited
6174,Limited
6175,Laredo
6176,Laredo
6177,
6178,Limited
6179,Limited
6180,Limited
6181,Luxury
6182,Trailhawk
6183,Luxury
6184,Luxury
6185,Luxury FWD
6186,Limited
6187,Luxury
6188,Premium Luxury
6189,Base
6190,Trailhawk
6191,Premium Luxury
6192,Limited
6193,Laredo
6194,Limited
6195,Premium Luxury
6196,Laredo
6197,Overland
6198,Luxury
6199,Premium Luxury
6200,
6201,Limited
6202,Laredo
6203,Limited
6204,Luxury
6205,Luxury
6206,Altitude
6207,Limited
6208,Limited
6209,Laredo
6210,Summit
6211,Premium Luxury
6212,Trailhawk
6213,Premium Luxury
6214,Altitude
6215,
6216,Limited
6217,Limited
6218,Summit
6219,Premium Luxury
6220,Limited
6221,Luxury FWD
6222,Laredo
6223,Summit
6224,Limited
6225,Laredo
6226,High Altitude
6227,Altitude
6228,Limited
6229,Limited
6230,Laredo
6231,Premium Luxury
6232,Base
6233,
6234,Laredo
6235,Premium Luxury
6236,Luxury
6237,
6238,Premium Luxury FWD
6239,Premium Luxury
6240,Limited
6241,Premium Luxury
6242,Trailhawk
6243,Base
6244,Altitude
6245,Platinum
6246,Limited
6247,Limited
6248,Altitude
6249,Limited
6250,Laredo
6251,Limited
6252,Laredo
6253,Luxury
6254,Laredo
6255,Base
6256,Summit
6257,Limited
6258,Premium Luxury
6259,Premium Luxury FWD
6260,Limited
6261,Luxury
6262,Premium Luxury
6263,Limited
6264,Limited
6265,Overland
6266,Premium Luxury
6267,
6268,Luxury
6269,Laredo
6270,Limited
6271,Limited
6272,Laredo
6273,Platinum
6274,Overland
6275,Limited
6276,Limited
6277,Summit
6278,Laredo
6279,Premium Luxury
6280,
6281,Premium Luxury
6282,Luxury
6283,Premium Luxury
6284,Limited
6285,Luxury
6286,Altitude
6287,Luxury
6288,
6289,Altitude
6290,Limited
6291,Altitude
6292,Limited
6293,High Altitude
6294,Limited
6295,Luxury
6296,Luxury
6297,Trailhawk
